item,qty,references,value,deviceset,device,package,manufacturer,mpn,mpn_confidence,dnp,note,revision
1,37,J1 J18 J20 J22 J23 J24 J25 J26 J27 J28 J29 J30 J31 J32 J33 J34 J35 J36 J37 J38 J39 J40 J41 J42 J43 J44 J45 J46 J47 J48 J49 J50 J51 J52 J53 J54 J55,,142-0731-211,,1420731211,Cinch Connectivity (Johnson),142-0731-211,HIGH,no,SMA end-launch jack,A
2,40,X1 X10 X11 X12 X13 X14 X15 X16 X17 X18 X19 X20 X21 X22 X24 X4 X5 X54 X55 X56 X6 X7 X8 X9 X_1 X_10 X_11 X_12 X_13 X_14 X_15 X_16 X_2 X_3 X_4 X_5 X_6 X_7 X_8 X_9,,22-23-2021,,22-23-2021,Molex,22-23-2021,HIGH,no,"KK 254 header, 2 pos",A
3,16,X3 X38 X39 X40 X41 X42 X43 X44 X45 X46 X47 X48 X49 X50 X51 X52,,22-23-2031,,22-23-2031,Molex,22-23-2031,HIGH,no,"KK 254 header, 3 pos",A
4,2,U4 U8,,AD8352ACPZ-R7,,CP_16_3_ADI,Analog Devices,AD8352ACPZ-R7,HIGH,no,differential amplifier,A
5,1,U1,,AD9484BCPZ-500,,CP_56_5_ADI,Analog Devices,AD9484BCPZ-500,HIGH,no,8-bit 500 MSPS ADC,A
6,1,U3,,AD9708AR,,RW_28_ADI,Analog Devices,AD9708ARZ,HIGH,no,deviceset AD9708AR = non-RoHS legacy suffix; RoHS orderable part is AD9708ARZ (same package SOIC-28),A
7,4,ADAR1_ ADAR2_ ADAR3_ ADAR4_,,ADAR1000ACCZN,,CC-88-1_ADI,Analog Devices,ADAR1000ACCZN,HIGH,no,"X/Ku beamformer, LGA-88",A
8,3,U10 U88 U89,,ADS7830IPWR,,PW16,Texas Instruments,ADS7830IPWR,HIGH,no,"8-ch 8-bit I2C ADC, TSSOP-16",A
9,16,ADTR1107_1 ADTR1107_10 ADTR1107_11 ADTR1107_12 ADTR1107_13 ADTR1107_14 ADTR1107_15 ADTR1107_16 ADTR1107_2 ADTR1107_3 ADTR1107_4 ADTR1107_5 ADTR1107_6 ADTR1107_7 ADTR1107_8 ADTR1107_9,,ADTR1107ACCZ,,CC-24-8_ADI,Analog Devices,ADTR1107ACCZ,HIGH,no,"front-end module, LGA-24",A
10,3,L5 L6 L7,,BLM15H,,0402,Murata,,EMPTY,no,BLM15H = ferrite-bead series only (0402); impedance code missing in the source — part number cannot be completed,A
11,2,U$2 U$3,,BPF2,,BPF2,,,EMPTY,no,"custom footprint ""BPF2"" (My_Library_RADAR); no part identified in schematic/BOM — designer must specify the filter",A
12,63,C1 C10 C11 C12 C125 C13 C131 C133 C138 C14 C140 C146 C148 C15 C16 C160 C162 C168 C170 C175 C196 C2 C201 C203 C208 C210 C215 C217 C222 C224 C229 C231 C236 C238 C243 C245 C250 C252 C293 C36 C38 C39 C4 C41 C42 C44 C45 C46 C47 C5 C51 C52 C53 C56 C6 C67 C69 C7 C74 C8 C80 C82 C9,0.1uF,C,C0201,C0201,Murata,GRM033R61A104KE15D,MEDIUM,no,0201 X5R 10 V,A
13,6,C277 C278 C295 C297 C299 C301,0.1µF,C,C0201,C0201,Murata,GRM033R61A104KE15D,MEDIUM,no,0201 X5R 10 V,A
14,13,C110 C111 C112 C113 C155 C156 C157 C158 C179 C180 C181 C182 C291,0.47uF,C,C0201,C0201,Murata,GRM033R60J474KE90D,MEDIUM,no,0201 X5R 6.3 V — voltage vs net to be verified,A
15,24,C24 C25 C256 C257 C26 C27 C279 C28 C281 C29 C298 C30 C302 C303 C304 C305 C306 C307 C310 C32 C33 C34 C35 C50,100nF,C,C0201,C0201,Murata,GRM033R61A104KE15D,MEDIUM,no,0201 X5R 10 V,A
16,34,C124 C130 C132 C137 C139 C145 C147 C152 C161 C167 C169 C174 C183 C200 C202 C207 C209 C214 C216 C221 C223 C228 C230 C235 C237 C242 C244 C249 C251 C66 C68 C73 C79 C81,100pF,C,C0201,C0201,Murata,GRM0335C1H101JA01D,MEDIUM,no,0201 C0G 50 V,A
17,2,C60 C63,103pF,C,C0201,C0201,Murata,,LOW,no,"non-E24 capacitance 103pF (nearest standard 102 pF) — value substitution is a design decision, designer to choose",A
18,1,C141,106pF,C,C0201,C0201,Murata,,LOW,no,"non-E24 capacitance 106pF (nearest standard 105 pF) — value substitution is a design decision, designer to choose",A
19,16,C102 C103 C104 C105 C106 C107 C114 C115 C116 C117 C118 C119 C120 C121 C122 C123,10nF,C,C0201,C0201,Murata,GRM033R71C103KA01D,MEDIUM,no,0201 X7R 16 V,A
20,2,C37 C40,10uF,C,C0201,C0201,,,LOW,no,10uF does not exist in a 0201 package — package/value conflict in the source,A
21,2,C272 C274,18pF,C,C0201,C0201,Murata,GRM0335C1H180JA01D,MEDIUM,no,0201 C0G 50 V,A
22,51,C126 C128 C129 C134 C135 C136 C142 C143 C144 C149 C150 C151 C163 C165 C166 C171 C172 C173 C197 C198 C199 C204 C205 C206 C211 C212 C213 C218 C219 C220 C225 C226 C227 C232 C233 C234 C239 C240 C241 C246 C247 C248 C253 C254 C255 C70 C71 C72 C83 C84 C85,1pF,C,C0201,C0201,Murata,GRM0335C1H1R0CA01D,MEDIUM,no,0201 C0G 50 V,A
23,16,C100 C101 C86 C87 C88 C89 C90 C91 C92 C93 C94 C95 C96 C97 C98 C99,1uF,C,C0201,C0201,Murata,GRM033R60J105MEA2D,MEDIUM,no,0201 X5R 6.3 V — voltage vs net to be verified,A
24,3,C276 C296 C300,1µF,C,C0201,C0201,Murata,GRM033R60J105MEA2D,MEDIUM,no,0201 X5R 6.3 V — voltage vs net to be verified,A
25,3,C164 C22 C23,2.2uF,C,C0201,C0201,Murata,GRM033R60G225ME47D,LOW,no,0201 X5R 4 V — only a few vendors offer >1 µF in 0201; verify availability and net voltage,A
26,2,C18 C19,2.7pF,C,C0201,C0201,Murata,GRM0335C1H2R7CA01D,MEDIUM,no,0201 C0G 50 V,A
27,2,C308 C309,22pF,C,C0201,C0201,Murata,GRM0335C1H220JA01D,MEDIUM,no,0201 C0G 50 V,A
28,4,C268 C270 C64 C65,25pF,C,C0201,C0201,Murata,,LOW,no,"non-E24 capacitance 25pF (nearest standard 24.9 pF) — value substitution is a design decision, designer to choose",A
29,2,C127 C59,32.8pF,C,C0201,C0201,Murata,,LOW,no,"non-E24 capacitance 32.8pF (nearest standard 33 pF) — value substitution is a design decision, designer to choose",A
30,2,C20 C21,4.3pF,C,C0201,C0201,Murata,GRM0335C1H4R3CA01D,MEDIUM,no,0201 C0G 50 V,A
31,16,C261 C263 C265 C267 C269 C271 C273 C275 C280 C282 C284 C286 C288 C290 C292 C294,4.7nF,C,C0201,C0201,Murata,GRM033R71C472KA01D,MEDIUM,no,0201 X7R 16 V,A
32,8,C108 C109 C153 C154 C177 C178 C287 C289,4.7uF,C,C0201,C0201,Murata,GRM033R60G475ME47D,LOW,no,0201 X5R 4 V — only a few vendors offer >1 µF in 0201; verify availability and net voltage,A
33,1,C31,47nF,C,C0201,C0201,Murata,GRM033R61A473KE15D,MEDIUM,no,0201 X5R 10 V,A
34,4,C17 C176 C285 C55,47uF,C,C0201,C0201,,,LOW,no,47uF does not exist in a 0201 package — package/value conflict in the source,A
35,2,C61 C62,7.8pF,C,C0201,C0201,Murata,GRM0335C1H7R8CA01D,MEDIUM,no,0201 C0G 50 V,A
36,4,C48 C49 C57 C58,0.1µF,C-EU,C0402,C0402,Murata,GRM155R71C104KA88D,MEDIUM,no,0402 X7R (50 V / 16 V for 100 nF),A
37,1,C43,0.2pF,C-EU,C0201,C0201,Murata,GRM0335C1HR20BA01D,MEDIUM,no,0201 C0G 50 V,A
38,1,C54,0.6pF,C-EU,C0201,C0201,Murata,GRM0335C1HR60BA01D,MEDIUM,no,0201 C0G 50 V,A
39,29,C185 C258 C259 C260 C262 C264 C266 C313 C317 C320 C324 C327 C331 C334 C337 C339 C341 C342 C343 C344 C345 C346 C347 C348 C349 C350 C351 C76 C78,100nF,C-EU,C0402,C0402,Murata,GRM155R71C104KA88D,MEDIUM,no,0402 X7R (50 V / 16 V for 100 nF),A
40,13,C184 C312 C316 C319 C323 C326 C330 C333 C336 C338 C340 C75 C77,10µF,C-EU,C0805,C0805,Murata,GRM21BR61E106KA73L,MEDIUM,no,0805 X5R 25 V,A
41,8,C186 C314 C318 C321 C325 C328 C332 C335,1nF,C-EU,C0402,C0402,Murata,GRM155R71H102KA01D,MEDIUM,no,0402 X7R (50 V / 16 V for 100 nF),A
42,1,C3,2.7pF,C-EU,C0402,C0402,Murata,GRM1555C1H2R7CA01D,MEDIUM,no,0402 C0G 50 V,A
43,6,C159 C283 C311 C315 C322 C329,22µF,C-EU,C1206,C1206,Murata,GRM31CR61E226KE15L,MEDIUM,no,1206 X5R 25 V,A
44,2,J19 J21,,CJT-T-P-HH-ST-TH1,,CJTTPHHSTTH1,Samtec (per package suffix _SAI — verify),CJT-T-P-HH-ST-TH1,HIGH,no,connector; manufacturer inferred from library suffix,A
45,2,U69 U7,,DAC5578SRGET,,RGE24_2P7X2P7,Texas Instruments,DAC5578SRGET,HIGH,no,"8-ch 8-bit DAC, VQFN-24",A
46,1,U16,,EP4RKU+,,DG1677-2_MNC,Mini-Circuits,EP4RKU+,HIGH,no,power splitter,A
47,1,U6,,FT601Q-B-T,,QFN76_FTD,FTDI,FT601Q-B-T,HIGH,no,"USB 3.0 FIFO bridge, QFN-76 — wired in rev. B (see NETLIST_DELTA.csv)",A (wired in B)
48,16,U11 U73 U74 U75 U76 U77 U78 U79 U80 U81 U82 U83 U84 U85 U86 U87,,INA241A3IDGKR,DGK0008A-MFG,DGK0008A-MFG,Texas Instruments,INA241A3IDGKR,HIGH,no,"current-sense amplifier, VSSOP-8",A
49,4,L22 L25 L26 L27,107.3nH,L,L0201,L0201,Murata,,LOW,no,non-standard inductance 107.3 nH for 0201 — designer to select (Murata LQP03T series),A
50,2,L2 L8,12nH,L,L0201,L0201,Murata,LQP03TN12NJ02D,MEDIUM,no,0201 thin-film inductor,A
51,2,L3 L4,159nH,L,L0201,L0201,Murata,,LOW,no,non-standard inductance 159.0 nH for 0201 — designer to select (Murata LQP03T series),A
52,4,L10 L24 L28 L9,50nH,L,L0201,L0201,Murata,,LOW,no,non-standard inductance 50.0 nH for 0201 — designer to select (Murata LQP03T series),A
53,12,L1 L11 L12 L13 L14 L15 L16 L17 L18 L19 L21 L23,,L-EU,L5650M,L5650M,,,EMPTY,no,no value in the schematic (L-EU / L5650M) — cannot propose a part,A
54,4,D2 D3 D4 D5,Blue,LED-BLUE,0603,LED-0603,Würth,150060BS75000,MEDIUM,no,blue LED 0603,A
55,2,U13 U5,,LTC5552IUDBTRMPBF,,UDB_12_ADI,Analog Devices,LTC5552IUDB#TRMPBF,HIGH,no,"mixer, QFN-12 (orderable code uses # separator)",A
56,17,RF_SW_1 RF_SW_10 RF_SW_11 RF_SW_12 RF_SW_13 RF_SW_14 RF_SW_15 RF_SW_16 RF_SW_2 RF_SW_3 RF_SW_4 RF_SW_5 RF_SW_6 RF_SW_7 RF_SW_8 RF_SW_9 U$1,,M3SWA2-34DR+,,16_QFN,Mini-Circuits,M3SWA2-34DR+,HIGH,no,RF switch,A
57,1,SV1,,MA10-2,,MA10-2,generic,TSW-110-07-G-D,LOW,no,EAGLE con-lstb MA10-2 = 2×10 pin header 2.54 mm; Samtec TSW-110-07-G-D proposed,A
58,1,X53,,MINI-USB-,32005-201,32005-201,Cypress Industries,32005-201,HIGH,no,device name 32005-201 (library con-cypressindustries),A
59,1,S1,,MOMENTARY-SWITCH-SPST,-SMD-4.6X2.8MM,TACTILE_SWITCH_SMD_4.6X2.8MM,C&K,PTS810SJM250SMTRLFS,LOW,no,SparkFun SMD 4.6×2.8 mm tact switch; verify footprint match,A
60,1,U9,,MT25QL01GBBB8E12-0AUT,,BGA24_MT25QL_MRN,Micron,MT25QL01GBBB8E12-0AUT,HIGH,no,"1 Gbit QSPI flash, BGA-24",A
61,1,XTAL1,,NX3225GD-8MHZ-STD-CRA-3,,XTAL_NX3225GD-8MHZ-STD-CRA-3_N,NDK,NX3225GD-8MHZ-STD-CRA-3,HIGH,no,8 MHz crystal 3.2×2.5,A
62,1,XTAL3,NX3215SA-32.768KHz,NX3225GD-8MHZ-STD-CRA-3,,XTAL_NX3225GD-8MHZ-STD-CRA-3_N,NDK,NX3215SA-32.768K-STD-MUA-8,LOW,no,"value says 32.768 kHz crystal but deviceset/footprint is the NX3225GD 8 MHz part — conflict; NX3215SA proposed, footprint to be verified",A
63,4,OPA_1 OPA_2 OPA_3 OPA_4,,OPA4703EA/250,,PW14,Texas Instruments,OPA4703EA/250,HIGH,no,"quad op-amp, TSSOP-14",A
64,1,JP20,,PINHD-1X2,,1X02,generic,61300211121,LOW,no,Würth 2.54 mm 1×2 header proposed,A
65,11,JP10 JP11 JP12 JP14 JP15 JP16 JP17 JP19 JP4 JP5 JP6,,PINHD-1X3,,1X03,generic,61300311121,LOW,no,Würth 2.54 mm 1×3 header proposed,A
66,3,JP18 JP8 JP9,,PINHD-1X4,,1X04,generic,61300411121,LOW,no,Würth 2.54 mm 1×4 header proposed,A
67,1,JP2,,PINHD-1X6,,1X06,generic,61300611121,LOW,no,Würth 2.54 mm 1×6 header proposed,A
68,1,JP7,,PINHD-1X8,,1X08,generic,61300811121,LOW,no,Würth 2.54 mm 1×8 header proposed,A
69,1,JP3,,PINHD-2X4,,2X04,generic,61300821121,LOW,no,Würth 2.54 mm 2×4 header proposed,A
70,1,JP1,,PINHD-2X6,,2X06,generic,61301221121,LOW,no,Würth 2.54 mm 2×6 header proposed,A
71,1,JP13,,PINHD-2X7,,2X07,generic,61301421121,LOW,no,Würth 2.54 mm 2×7 header proposed,A
72,4,R18 R19 R34 R35,0R,R,R0201,R0201,Yageo,RC0201JR-070RL,MEDIUM,no,jumper 0 Ω,A
73,12,R10 R11 R12 R173 R2 R3 R4 R5 R6 R7 R8 R9,100R,R,R0201,R0201,Yageo,RC0201FR-07100RL,MEDIUM,no,1 % thick film,A
74,6,R111 R123 R151 R153 R39 R40,10k,R,R0201,R0201,Yageo,RC0201FR-0710KL,MEDIUM,no,1 % thick film,A
75,48,R100 R101 R102 R107 R108 R109 R118 R124 R125 R126 R127 R128 R129 R130 R131 R133 R134 R135 R136 R137 R138 R139 R140 R144 R147 R148 R149 R167 R168 R169 R170 R171 R172 R41 R43 R55 R56 R57 R58 R59 R82 R85 R86 R87 R88 R93 R94 R99,1k,R,R0201,R0201,Yageo,RC0201FR-071KL,MEDIUM,no,1 % thick film,A
76,16,R103 R104 R105 R106 R119 R120 R121 R122 R89 R90 R91 R92 R95 R96 R97 R98,2.443k,R,R0201,R0201,Yageo,,LOW,no,non-E24/E96 value 2.443 Ω (nearest standard 2430 Ω) — value substitution is a design decision (Yageo RC0201FR-07 series),A
77,4,R16 R17 R20 R21,200R,R,R0201,R0201,Yageo,RC0201FR-07200RL,MEDIUM,no,1 % thick film,A
78,11,R154 R155 R156 R157 R158 R159 R160 R161 R162 R163 R164,22.1k,R,R0201,R0201,Yageo,RC0201FR-0722K1L,MEDIUM,no,1 % thick film,A
79,13,R23 R24 R25 R26 R27 R28 R29 R30 R49 R51 R62 R63 R64,22R,R,R0201,R0201,Yageo,RC0201FR-0722RL,MEDIUM,no,1 % thick film,A
80,2,R165 R166,25R,R,R0201,R0201,Yageo,,LOW,no,non-E24/E96 value 25 Ω (nearest standard 24.9 Ω) — value substitution is a design decision (Yageo RC0201FR-07 series),A
81,6,R145 R146 R60 R61 R83 R84,33R,R,R0201,R0201,Yageo,RC0201FR-0733RL,MEDIUM,yes,1 % thick film; no net on any pin and parked outside the outline in the source layout — treated as DNP,A
82,1,R33,3k2,R,R0201,R0201,Yageo,,LOW,no,non-E24/E96 value 3.2 KΩ (nearest standard 3160 Ω) — value substitution is a design decision (Yageo RC0201FR-07 series),A
83,27,R117 R141 R142 R143 R42 R44 R45 R46 R47 R48 R50 R52 R53 R54 R65 R66 R67 R68 R69 R70 R71 R72 R73 R74 R75 R76 R77,4.7k,R,R0201,R0201,Yageo,RC0201FR-074K7L,MEDIUM,no,1 % thick film,A
84,4,R110 R112 R113 R114,500R,R,R0201,R0201,Yageo,,LOW,no,non-E24/E96 value 500 Ω (nearest standard 499 Ω) — value substitution is a design decision (Yageo RC0201FR-07 series),A
85,3,R115 R116 R31,50R,R,R0201,R0201,Yageo,,LOW,no,non-E24/E96 value 50 Ω (nearest standard 49.9 Ω) — value substitution is a design decision (Yageo RC0201FR-07 series),A
86,3,R132 R150 R152,5R,R,R0201,R0201,Yageo,,LOW,no,non-E24/E96 value 5 Ω (nearest standard 4.99 Ω) — value substitution is a design decision (Yageo RC0201FR-07 series),A
87,4,R78 R79 R80 R81,840R,R,R0201,R0201,Yageo,,LOW,no,non-E24/E96 value 840 Ω (nearest standard 845 Ω) — value substitution is a design decision (Yageo RC0201FR-07 series),A
88,1,R14,115R,R-EU_,R0201,R0201,Yageo,RC0201FR-07115RL,MEDIUM,no,1 % thick film,A
89,1,R37,1k,R-EU_,R0402,R0402,Yageo,RC0402FR-071KL,MEDIUM,no,1 % thick film,A
90,1,R38,20k,R-EU_,R0402,R0402,Yageo,RC0402FR-0720KL,MEDIUM,no,1 % thick film,A
91,2,R1 R13,24R,R-EU_,R0402,R0402,Yageo,RC0402FR-0724RL,MEDIUM,no,1 % thick film,A
92,2,R15 R32,4.3k,R-EU_,R0201,R0201,Yageo,RC0201FR-074K3L,MEDIUM,no,1 % thick film,A
93,1,R22,56R,R-EU_,R0201,R0201,Yageo,RC0201FR-0756RL,MEDIUM,no,1 % thick film,A
94,1,R36,830R,R-EU_,R0402,R0402,Yageo,,LOW,no,non-E24/E96 value 830 Ω (nearest standard 825 Ω) — value substitution is a design decision (Yageo RC0402FR-07 series),A
95,1,SJ1,,SJ2W,,SJ_2,,,EMPTY,n/a,"solder jumper — copper feature, not a purchasable part",A
96,1,U2,,STM32F746ZGT7,,LQFP-144_STM,STMicroelectronics,STM32F746ZGT7,HIGH,no,"Cortex-M7 MCU, LQFP-144",A
97,34,U14 U15 U17 U37 U38 U39 U40 U41 U43 U44 U45 U46 U47 U48 U49 U50 U51 U52 U53 U54 U55 U56 U57 U58 U59 U60 U61 U62 U63 U64 U65 U66 U67 U68,,SZMMSZ5232BT1G,,SOD-123_ONS,onsemi,SZMMSZ5232BT1G,HIGH,no,"Zener 5.6 V, SOD-123",A
98,1,U42,,XC7A50T-2FTG256I,,BGA256C100P16X16_1700X1700X155,AMD (Xilinx),XC7A50T-2FTG256I,HIGH,no,"Artix-7 FPGA, FTG256",A
99,1,J_USB3,USB-C 3.1 receptacle,"(rev. B, KiCad library)",,Connector_USB:USB_C_Receptacle_Amphenol_12401610E4-2A,Amphenol ICC,12401610E4#2A,MEDIUM,no,"only the TX1/RX1 SuperSpeed lane is wired (no orientation mux): SS works in one plug orientation, USB 2.0 in both — VERIFY acceptable — rev. B proposal",B
100,2,D_ESD1 D_ESD2,TPD4E05U06,"(rev. B, KiCad library)",,Package_SON:USON-10_2.5x1.0mm_P0.5mm,Texas Instruments,TPD4E05U06DQAR,MEDIUM,no,"pin-out per TPD4E05U06 DQA flow-through (1,2,4,5 IO; 6,7,9,10 NC pass-through; 3,8 GND) — VERIFY — rev. B proposal",B
101,3,C_SSTX_P C_SSTX_N C_AVDD_1,100nF,"(rev. B, KiCad library)",,Capacitor_SMD:C_0402_1005Metric,Murata,GRM155R71C104KA88D,MEDIUM,no,"USB 3 TX AC coupling — added (spec requirement), VERIFY — rev. B proposal",B
102,2,R_CC1 R_CC2,5.1k,"(rev. B, KiCad library)",,Resistor_SMD:R_0402_1005Metric,Yageo,RC0402FR-075K1L,MEDIUM,no,Type-C Rd 5.1 kΩ (device) — added because a USB-C receptacle was chosen — rev. B proposal,B
103,1,R_VBUS_1,10k,"(rev. B, KiCad library)",,Resistor_SMD:R_0402_1005Metric,Yageo,RC0402FR-0710KL,MEDIUM,no,VERIFY VBUS pin limit — rev. B proposal,B
104,1,R_VBUS_2,3.3k,"(rev. B, KiCad library)",,Resistor_SMD:R_0402_1005Metric,Yageo,RC0402FR-073K3L,MEDIUM,no,VERIFY VBUS pin limit — rev. B proposal,B
105,1,R_RREF,3.24k 1%,"(rev. B, KiCad library)",,Resistor_SMD:R_0402_1005Metric,Yageo,RC0402FR-073K24L,MEDIUM,no,value per FT60x datasheet — VERIFY — rev. B proposal,B
106,4,C_VD10_1 C_VD10_2 C_VD10_3 C_VD10_4,4.7uF 6.3V,"(rev. B, KiCad library)",,Capacitor_SMD:C_0402_1005Metric,Murata,GRM155R60J475ME47D,MEDIUM,no,VD10/DV10 decoupling — VERIFY — rev. B proposal,B
107,1,FB_A,600R@100MHz,"(rev. B, KiCad library)",,Inductor_SMD:L_0603_1608Metric,Murata,BLM18PG601SN1D,MEDIUM,no,+3V3_FT -> AVDD/VDDA — rev. B proposal,B
108,1,C_AVDD_2,1uF,"(rev. B, KiCad library)",,Capacitor_SMD:C_0402_1005Metric,Murata,GRM155R61A105KE15D,MEDIUM,no,from engineering/DESIGN/HOST_LINK/ft601_added_parts_BOM.csv — rev. B proposal,B
109,1,Y_FT,30MHz 18pF,"(rev. B, KiCad library)",,Crystal:Crystal_SMD_Abracon_ABM8G-4Pin_3.2x2.5mm,Abracon,ABM8-30.000MHZ-B2-T,MEDIUM,no,"ABM8 land pattern (3.2×2.5, 4 pads; ABM8G footprint of the KiCad library) — VERIFY — rev. B proposal",B
110,2,C_XI C_XO,18pF C0G,"(rev. B, KiCad library)",,Capacitor_SMD:C_0402_1005Metric,Murata,GRM1555C1H180JA01D,MEDIUM,no,load cap — VERIFY against crystal CL — rev. B proposal,B
