item,qty,value,deviceset,device,package,library,mpn_attribute,manufacturer_attribute,mpn_candidate,mpn_status,references
1,37,,142-0731-211,,1420731211,142-0731-211,,,142-0731-211,UNVERIFIED (deviceset name),J1 J18 J20 J22 J23 J24 J25 J26 J27 J28 J29 J30 J31 J32 J33 J34 J35 J36 J37 J38 J39 J40 J41 J42 J43 J44 J45 J46 J47 J48 J49 J50 J51 J52 J53 J54 J55
2,40,,22-23-2021,,22-23-2021,con-molex,,,22-23-2021,UNVERIFIED (deviceset name),X1 X10 X11 X12 X13 X14 X15 X16 X17 X18 X19 X20 X21 X22 X24 X4 X5 X54 X55 X56 X6 X7 X8 X9 X_1 X_10 X_11 X_12 X_13 X_14 X_15 X_16 X_2 X_3 X_4 X_5 X_6 X_7 X_8 X_9
3,16,,22-23-2031,,22-23-2031,con-molex,,,22-23-2031,UNVERIFIED (deviceset name),X3 X38 X39 X40 X41 X42 X43 X44 X45 X46 X47 X48 X49 X50 X51 X52
4,2,,AD8352ACPZ-R7,,CP_16_3_ADI,My_Library_RADAR,,,AD8352ACPZ-R7,UNVERIFIED (deviceset name),U4 U8
5,1,,AD9484BCPZ-500,,CP_56_5_ADI,My_Library_RADAR,,,AD9484BCPZ-500,UNVERIFIED (deviceset name),U1
6,1,,AD9708AR,,RW_28_ADI,My_Library_2,,,AD9708AR,UNVERIFIED (deviceset name),U3
7,4,,ADAR1000ACCZN,,CC-88-1_ADI,My_Library_RADAR,,,ADAR1000ACCZN,UNVERIFIED (deviceset name),ADAR1_ ADAR2_ ADAR3_ ADAR4_
8,3,,ADS7830IPWR,,PW16,My_Library_RADAR,,,ADS7830IPWR,UNVERIFIED (deviceset name),U10 U88 U89
9,16,,ADTR1107ACCZ,,CC-24-8_ADI,My_Library_RADAR,,,ADTR1107ACCZ,UNVERIFIED (deviceset name),ADTR1107_1 ADTR1107_10 ADTR1107_11 ADTR1107_12 ADTR1107_13 ADTR1107_14 ADTR1107_15 ADTR1107_16 ADTR1107_2 ADTR1107_3 ADTR1107_4 ADTR1107_5 ADTR1107_6 ADTR1107_7 ADTR1107_8 ADTR1107_9
10,3,,BLM15H,,0402,inductors,,,BLM15H,UNVERIFIED (deviceset name),L5 L6 L7
11,2,,BPF2,,BPF2,My_Library_RADAR,,,BPF2,UNVERIFIED (deviceset name),U$2 U$3
12,63,0.1uF,C,C0201,C0201,eagle-ltspice,,,C,GENERIC — value/package only,C1 C10 C11 C12 C125 C13 C131 C133 C138 C14 C140 C146 C148 C15 C16 C160 C162 C168 C170 C175 C196 C2 C201 C203 C208 C210 C215 C217 C222 C224 C229 C231 C236 C238 C243 C245 C250 C252 C293 C36 C38 C39 C4 C41 C42 C44 C45 C46 C47 C5 C51 C52 C53 C56 C6 C67 C69 C7 C74 C8 C80 C82 C9
13,6,0.1µF,C,C0201,C0201,eagle-ltspice,,,C,GENERIC — value/package only,C277 C278 C295 C297 C299 C301
14,13,0.47uF,C,C0201,C0201,eagle-ltspice,,,C,GENERIC — value/package only,C110 C111 C112 C113 C155 C156 C157 C158 C179 C180 C181 C182 C291
15,24,100nF,C,C0201,C0201,eagle-ltspice,,,C,GENERIC — value/package only,C24 C25 C256 C257 C26 C27 C279 C28 C281 C29 C298 C30 C302 C303 C304 C305 C306 C307 C310 C32 C33 C34 C35 C50
16,34,100pF,C,C0201,C0201,eagle-ltspice,,,C,GENERIC — value/package only,C124 C130 C132 C137 C139 C145 C147 C152 C161 C167 C169 C174 C183 C200 C202 C207 C209 C214 C216 C221 C223 C228 C230 C235 C237 C242 C244 C249 C251 C66 C68 C73 C79 C81
17,2,103pF,C,C0201,C0201,eagle-ltspice,,,C,GENERIC — value/package only,C60 C63
18,1,106pF,C,C0201,C0201,eagle-ltspice,,,C,GENERIC — value/package only,C141
19,16,10nF,C,C0201,C0201,eagle-ltspice,,,C,GENERIC — value/package only,C102 C103 C104 C105 C106 C107 C114 C115 C116 C117 C118 C119 C120 C121 C122 C123
20,2,10uF,C,C0201,C0201,eagle-ltspice,,,C,GENERIC — value/package only,C37 C40
21,2,18pF,C,C0201,C0201,eagle-ltspice,,,C,GENERIC — value/package only,C272 C274
22,51,1pF,C,C0201,C0201,eagle-ltspice,,,C,GENERIC — value/package only,C126 C128 C129 C134 C135 C136 C142 C143 C144 C149 C150 C151 C163 C165 C166 C171 C172 C173 C197 C198 C199 C204 C205 C206 C211 C212 C213 C218 C219 C220 C225 C226 C227 C232 C233 C234 C239 C240 C241 C246 C247 C248 C253 C254 C255 C70 C71 C72 C83 C84 C85
23,16,1uF,C,C0201,C0201,eagle-ltspice,,,C,GENERIC — value/package only,C100 C101 C86 C87 C88 C89 C90 C91 C92 C93 C94 C95 C96 C97 C98 C99
24,3,1µF,C,C0201,C0201,eagle-ltspice,,,C,GENERIC — value/package only,C276 C296 C300
25,3,2.2uF,C,C0201,C0201,eagle-ltspice,,,C,GENERIC — value/package only,C164 C22 C23
26,2,2.7pF,C,C0201,C0201,eagle-ltspice,,,C,GENERIC — value/package only,C18 C19
27,2,22pF,C,C0201,C0201,eagle-ltspice,,,C,GENERIC — value/package only,C308 C309
28,4,25pF,C,C0201,C0201,eagle-ltspice,,,C,GENERIC — value/package only,C268 C270 C64 C65
29,2,32.8pF,C,C0201,C0201,eagle-ltspice,,,C,GENERIC — value/package only,C127 C59
30,2,4.3pF,C,C0201,C0201,eagle-ltspice,,,C,GENERIC — value/package only,C20 C21
31,16,4.7nF,C,C0201,C0201,eagle-ltspice,,,C,GENERIC — value/package only,C261 C263 C265 C267 C269 C271 C273 C275 C280 C282 C284 C286 C288 C290 C292 C294
32,8,4.7uF,C,C0201,C0201,eagle-ltspice,,,C,GENERIC — value/package only,C108 C109 C153 C154 C177 C178 C287 C289
33,1,47nF,C,C0201,C0201,eagle-ltspice,,,C,GENERIC — value/package only,C31
34,4,47uF,C,C0201,C0201,eagle-ltspice,,,C,GENERIC — value/package only,C17 C176 C285 C55
35,2,7.8pF,C,C0201,C0201,eagle-ltspice,,,C,GENERIC — value/package only,C61 C62
36,4,0.1µF,C-EU,C0402,C0402,rcl,,,C-EU,GENERIC — value/package only,C48 C49 C57 C58
37,1,0.2pF,C-EU,C0201,C0201,rcl,,,C-EU,GENERIC — value/package only,C43
38,1,0.6pF,C-EU,C0201,C0201,rcl,,,C-EU,GENERIC — value/package only,C54
39,29,100nF,C-EU,C0402,C0402,rcl,,,C-EU,GENERIC — value/package only,C185 C258 C259 C260 C262 C264 C266 C313 C317 C320 C324 C327 C331 C334 C337 C339 C341 C342 C343 C344 C345 C346 C347 C348 C349 C350 C351 C76 C78
40,13,10µF,C-EU,C0805,C0805,rcl,,,C-EU,GENERIC — value/package only,C184 C312 C316 C319 C323 C326 C330 C333 C336 C338 C340 C75 C77
41,8,1nF,C-EU,C0402,C0402,rcl,,,C-EU,GENERIC — value/package only,C186 C314 C318 C321 C325 C328 C332 C335
42,1,2.7pF,C-EU,C0402,C0402,rcl,,,C-EU,GENERIC — value/package only,C3
43,6,22µF,C-EU,C1206,C1206,rcl,,,C-EU,GENERIC — value/package only,C159 C283 C311 C315 C322 C329
44,2,,CJT-T-P-HH-ST-TH1,,CJTTPHHSTTH1,CJT-T-P-HH-ST-TH1,,,CJT-T-P-HH-ST-TH1,UNVERIFIED (deviceset name),J19 J21
45,2,,DAC5578SRGET,,RGE24_2P7X2P7,My_Library_RADAR,,,DAC5578SRGET,UNVERIFIED (deviceset name),U69 U7
46,1,,EP4RKU+,,DG1677-2_MNC,My_Library_RADAR,,,EP4RKU+,UNVERIFIED (deviceset name),U16
47,1,,FT601Q-B-T,,QFN76_FTD,My_Library_RADAR,,,FT601Q-B-T,UNVERIFIED (deviceset name),U6
48,16,,INA241A3IDGKR,DGK0008A-MFG,DGK0008A-MFG,My_Library_RADAR,,,INA241A3IDGKR,UNVERIFIED (deviceset name),U11 U73 U74 U75 U76 U77 U78 U79 U80 U81 U82 U83 U84 U85 U86 U87
49,4,107.3nH,L,L0201,L0201,eagle-ltspice,,,L,GENERIC — value/package only,L22 L25 L26 L27
50,2,12nH,L,L0201,L0201,eagle-ltspice,,,L,GENERIC — value/package only,L2 L8
51,2,159nH,L,L0201,L0201,eagle-ltspice,,,L,GENERIC — value/package only,L3 L4
52,4,50nH,L,L0201,L0201,eagle-ltspice,,,L,GENERIC — value/package only,L10 L24 L28 L9
53,12,,L-EU,L5650M,L5650M,rcl,,,L-EU,GENERIC — value/package only,L1 L11 L12 L13 L14 L15 L16 L17 L18 L19 L21 L23
54,4,Blue,LED-BLUE,0603,LED-0603,SparkFun-LED,,,LED-BLUE,GENERIC — value/package only,D2 D3 D4 D5
55,2,,LTC5552IUDBTRMPBF,,UDB_12_ADI,My_Library_RADAR,,,LTC5552IUDBTRMPBF,UNVERIFIED (deviceset name),U13 U5
56,17,,M3SWA2-34DR+,,16_QFN,My_Library_RADAR,,,M3SWA2-34DR+,UNVERIFIED (deviceset name),RF_SW_1 RF_SW_10 RF_SW_11 RF_SW_12 RF_SW_13 RF_SW_14 RF_SW_15 RF_SW_16 RF_SW_2 RF_SW_3 RF_SW_4 RF_SW_5 RF_SW_6 RF_SW_7 RF_SW_8 RF_SW_9 U$1
57,1,,MA10-2,,MA10-2,con-lstb,,,MA10-2,UNVERIFIED (deviceset name),SV1
58,1,,MINI-USB-,32005-201,32005-201,con-cypressindustries,,,MINI-USB-,UNVERIFIED (deviceset name),X53
59,1,,MOMENTARY-SWITCH-SPST,-SMD-4.6X2.8MM,TACTILE_SWITCH_SMD_4.6X2.8MM,SparkFun-Switches,,,MOMENTARY-SWITCH-SPST,UNVERIFIED (deviceset name),S1
60,1,,MT25QL01GBBB8E12-0AUT,,BGA24_MT25QL_MRN,My_Library,,,MT25QL01GBBB8E12-0AUT,UNVERIFIED (deviceset name),U9
61,1,,NX3225GD-8MHZ-STD-CRA-3,,XTAL_NX3225GD-8MHZ-STD-CRA-3_N,My_Library,,,NX3225GD-8MHZ-STD-CRA-3,UNVERIFIED (deviceset name),XTAL1
62,1,NX3215SA-32.768KHz,NX3225GD-8MHZ-STD-CRA-3,,XTAL_NX3225GD-8MHZ-STD-CRA-3_N,My_Library,,,NX3225GD-8MHZ-STD-CRA-3,UNVERIFIED (deviceset name),XTAL3
63,4,,OPA4703EA/250,,PW14,My_Library_RADAR,,,OPA4703EA/250,UNVERIFIED (deviceset name),OPA_1 OPA_2 OPA_3 OPA_4
64,1,,PINHD-1X2,,1X02,pinhead,,,PINHD-1X2,UNVERIFIED (deviceset name),JP20
65,11,,PINHD-1X3,,1X03,pinhead,,,PINHD-1X3,UNVERIFIED (deviceset name),JP10 JP11 JP12 JP14 JP15 JP16 JP17 JP19 JP4 JP5 JP6
66,3,,PINHD-1X4,,1X04,pinhead,,,PINHD-1X4,UNVERIFIED (deviceset name),JP18 JP8 JP9
67,1,,PINHD-1X6,,1X06,pinhead,,,PINHD-1X6,UNVERIFIED (deviceset name),JP2
68,1,,PINHD-1X8,,1X08,pinhead,,,PINHD-1X8,UNVERIFIED (deviceset name),JP7
69,1,,PINHD-2X4,,2X04,pinhead,,,PINHD-2X4,UNVERIFIED (deviceset name),JP3
70,1,,PINHD-2X6,,2X06,pinhead,,,PINHD-2X6,UNVERIFIED (deviceset name),JP1
71,1,,PINHD-2X7,,2X07,pinhead,,,PINHD-2X7,UNVERIFIED (deviceset name),JP13
72,4,0R,R,R0201,R0201,eagle-ltspice,,,R,GENERIC — value/package only,R18 R19 R34 R35
73,12,100R,R,R0201,R0201,eagle-ltspice,,,R,GENERIC — value/package only,R10 R11 R12 R173 R2 R3 R4 R5 R6 R7 R8 R9
74,6,10k,R,R0201,R0201,eagle-ltspice,,,R,GENERIC — value/package only,R111 R123 R151 R153 R39 R40
75,48,1k,R,R0201,R0201,eagle-ltspice,,,R,GENERIC — value/package only,R100 R101 R102 R107 R108 R109 R118 R124 R125 R126 R127 R128 R129 R130 R131 R133 R134 R135 R136 R137 R138 R139 R140 R144 R147 R148 R149 R167 R168 R169 R170 R171 R172 R41 R43 R55 R56 R57 R58 R59 R82 R85 R86 R87 R88 R93 R94 R99
76,16,2.443k,R,R0201,R0201,eagle-ltspice,,,R,GENERIC — value/package only,R103 R104 R105 R106 R119 R120 R121 R122 R89 R90 R91 R92 R95 R96 R97 R98
77,4,200R,R,R0201,R0201,eagle-ltspice,,,R,GENERIC — value/package only,R16 R17 R20 R21
78,11,22.1k,R,R0201,R0201,eagle-ltspice,,,R,GENERIC — value/package only,R154 R155 R156 R157 R158 R159 R160 R161 R162 R163 R164
79,13,22R,R,R0201,R0201,eagle-ltspice,,,R,GENERIC — value/package only,R23 R24 R25 R26 R27 R28 R29 R30 R49 R51 R62 R63 R64
80,2,25R,R,R0201,R0201,eagle-ltspice,,,R,GENERIC — value/package only,R165 R166
81,6,33R,R,R0201,R0201,eagle-ltspice,,,R,GENERIC — value/package only,R145 R146 R60 R61 R83 R84
82,1,3k2,R,R0201,R0201,eagle-ltspice,,,R,GENERIC — value/package only,R33
83,27,4.7k,R,R0201,R0201,eagle-ltspice,,,R,GENERIC — value/package only,R117 R141 R142 R143 R42 R44 R45 R46 R47 R48 R50 R52 R53 R54 R65 R66 R67 R68 R69 R70 R71 R72 R73 R74 R75 R76 R77
84,4,500R,R,R0201,R0201,eagle-ltspice,,,R,GENERIC — value/package only,R110 R112 R113 R114
85,3,50R,R,R0201,R0201,eagle-ltspice,,,R,GENERIC — value/package only,R115 R116 R31
86,3,5R,R,R0201,R0201,eagle-ltspice,,,R,GENERIC — value/package only,R132 R150 R152
87,4,840R,R,R0201,R0201,eagle-ltspice,,,R,GENERIC — value/package only,R78 R79 R80 R81
88,1,115R,R-EU_,R0201,R0201,rcl,,,R-EU_,GENERIC — value/package only,R14
89,1,1k,R-EU_,R0402,R0402,rcl,,,R-EU_,GENERIC — value/package only,R37
90,1,20k,R-EU_,R0402,R0402,rcl,,,R-EU_,GENERIC — value/package only,R38
91,2,24R,R-EU_,R0402,R0402,rcl,,,R-EU_,GENERIC — value/package only,R1 R13
92,2,4.3k,R-EU_,R0201,R0201,rcl,,,R-EU_,GENERIC — value/package only,R15 R32
93,1,56R,R-EU_,R0201,R0201,rcl,,,R-EU_,GENERIC — value/package only,R22
94,1,830R,R-EU_,R0402,R0402,rcl,,,R-EU_,GENERIC — value/package only,R36
95,1,,SJ2W,,SJ_2,jumper,,,SJ2W,UNVERIFIED (deviceset name),SJ1
96,1,,STM32F746ZGT7,,LQFP-144_STM,My_Library,,,STM32F746ZGT7,UNVERIFIED (deviceset name),U2
97,34,,SZMMSZ5232BT1G,,SOD-123_ONS,My_Library_RADAR,,,SZMMSZ5232BT1G,UNVERIFIED (deviceset name),U14 U15 U17 U37 U38 U39 U40 U41 U43 U44 U45 U46 U47 U48 U49 U50 U51 U52 U53 U54 U55 U56 U57 U58 U59 U60 U61 U62 U63 U64 U65 U66 U67 U68
98,1,,XC7A50T-2FTG256I,,BGA256C100P16X16_1700X1700X155,XC7A50T-2FTG256I,,,XC7A50T-2FTG256I,UNVERIFIED (deviceset name),U42
