ref,value,library,deviceset,device,package,mpn,manufacturer
J1,,142-0731-211,142-0731-211,,1420731211,,
J2,,142-0731-211,142-0731-211,,1420731211,,
X2,,con-molex,22-23-2021,,22-23-2021,,
X3,,con-molex,22-23-2031,,22-23-2031,,
22V,,con-ptr500,AK300/2,,AK300/2,,
C2,0.1µF,rcl,C-EU,C0402,C0402,,
C3,0.1µF,rcl,C-EU,C0402,C0402,,
C6,0.1µF,rcl,C-EU,C0402,C0402,,
C7,0.1µF,rcl,C-EU,C0402,C0402,,
C8,0.1µF,rcl,C-EU,C0402,C0402,,
C9,0.1µF,rcl,C-EU,C0402,C0402,,
C1,10µF,rcl,C-EU,C1206,C1206,,
C4,10µF,rcl,C-EU,C1206,C1206,,
C5,10µF,rcl,C-EU,C1206,C1206,,
U$1,,My_Library_RADAR,QPA2962_B,,QPA2962_B,,
R2,0R,rcl,R-EU_,R0402,R0402,,
R3,0R,rcl,R-EU_,R0402,R0402,,
R5,0R,rcl,R-EU_,R0402,R0402,,
R6,0R,rcl,R-EU_,R0603,R0603,,
R7,0R,rcl,R-EU_,R0402,R0402,,
R8,0R,rcl,R-EU_,R0402,R0402,,
R9,0R,rcl,R-EU_,R0402,R0402,,
R1,10R,rcl,R-EU_,R0402,R0402,,
R4,10R,rcl,R-EU_,R0402,R0402,,
R10,5mR,My_Library_RADAR,WSL2816R1000FEH,,WSL2816_VIS,,
