cable_id,from_board,from_ref,to_board,to_ref,signal,cable_type,length_mm_proposed,note
CBL-001,POWER_SUPPLY,X2,?,?,+5V0_1,2-wire 20 AWG,,no connector with this net name on Main/Synth (rail renamed through a filter/inductor or spare output) — resolve with interconnection_table.md
CBL-002,POWER_SUPPLY,X3,MAIN_BOARD,X55,+5V5_PA,"2-wire 20 AWG, Molex 22-01-2027 both ends",780,rail name matched in both netlists
CBL-003,POWER_SUPPLY,X4,MAIN_BOARD,X8,+1V0_FPGA,"2-wire 20 AWG, Molex 22-01-2027 both ends",310,rail name matched in both netlists
CBL-004,POWER_SUPPLY,X5,MAIN_BOARD,X10,+1V8_FPGA,"2-wire 20 AWG, Molex 22-01-2027 both ends",340,rail name matched in both netlists
CBL-005,POWER_SUPPLY,X6,FREQUENCY_SYNTHESIZER,X15,+5V0_LO,"2-wire 20 AWG, Molex 22-01-2027 both ends",960,rail name matched in both netlists
CBL-006,POWER_SUPPLY,X7,?,?,+3V3_LO_2,2-wire 20 AWG,,no connector with this net name on Main/Synth (rail renamed through a filter/inductor or spare output) — resolve with interconnection_table.md
CBL-007,POWER_SUPPLY,X8,?,?,+3V3_LO_1,2-wire 20 AWG,,no connector with this net name on Main/Synth (rail renamed through a filter/inductor or spare output) — resolve with interconnection_table.md
CBL-008,POWER_SUPPLY,X9,?,?,+5V0_2,2-wire 20 AWG,,no connector with this net name on Main/Synth (rail renamed through a filter/inductor or spare output) — resolve with interconnection_table.md
CBL-009,POWER_SUPPLY,X10,MAIN_BOARD,X17,+1V8_CLOCK,"2-wire 20 AWG, Molex 22-01-2027 both ends",840,rail name matched in both netlists
CBL-010,POWER_SUPPLY,X11,?,?,+3V3_CLOCK,2-wire 20 AWG,,no connector with this net name on Main/Synth (rail renamed through a filter/inductor or spare output) — resolve with interconnection_table.md
CBL-011,POWER_SUPPLY,X12,MAIN_BOARD,X56,+3V3_AN,"2-wire 20 AWG, Molex 22-01-2027 both ends",380,rail name matched in both netlists
CBL-012,POWER_SUPPLY,X13,?,?,+5V0_ADAR,2-wire 20 AWG,,no connector with this net name on Main/Synth (rail renamed through a filter/inductor or spare output) — resolve with interconnection_table.md
CBL-013,POWER_SUPPLY,X14,?,?,+3V3_ADAR_12,2-wire 20 AWG,,no connector with this net name on Main/Synth (rail renamed through a filter/inductor or spare output) — resolve with interconnection_table.md
CBL-014,POWER_SUPPLY,X15,?,?,+3V3_ADAR_34,2-wire 20 AWG,,no connector with this net name on Main/Synth (rail renamed through a filter/inductor or spare output) — resolve with interconnection_table.md
CBL-015,POWER_SUPPLY,X16,MAIN_BOARD,X24,+3V3,"2-wire 20 AWG, Molex 22-01-2027 both ends",200,rail name matched in both netlists
CBL-016,POWER_SUPPLY,X17,?,?,+5V0_3,2-wire 20 AWG,,no connector with this net name on Main/Synth (rail renamed through a filter/inductor or spare output) — resolve with interconnection_table.md
CBL-017,POWER_SUPPLY,X18,MAIN_BOARD,X6,-3V3_SW,"2-wire 20 AWG, Molex 22-01-2027 both ends",310,rail name matched in both netlists
CBL-018,POWER_SUPPLY,X19,MAIN_BOARD,X19,-5V5_PA,"2-wire 20 AWG, Molex 22-01-2027 both ends",380,rail name matched in both netlists
CBL-019,POWER_SUPPLY,X20,MAIN_BOARD,X15,-5V0_ADAR34,"2-wire 20 AWG, Molex 22-01-2027 both ends",240,rail name matched in both netlists
CBL-020,POWER_SUPPLY,X21,MAIN_BOARD,X13,-5V0_ADAR12,"2-wire 20 AWG, Molex 22-01-2027 both ends",360,rail name matched in both netlists
CBL-021,POWER_SUPPLY,X22,MAIN_BOARD,X18,+5V0_0,"2-wire 20 AWG, Molex 22-01-2027 both ends",400,rail name matched in both netlists
CBL-022,POWER_SUPPLY,X23,MAIN_BOARD,X1,+3V4,"2-wire 20 AWG, Molex 22-01-2027 both ends",360,rail name matched in both netlists
CBL-023,POWER_SUPPLY,X24,MAIN_BOARD,X11,-3V4,"2-wire 20 AWG, Molex 22-01-2027 both ends",330,rail name matched in both netlists
CBL-024,POWER_SUPPLY,X25,?,?,+5V0_4,2-wire 20 AWG,,no connector with this net name on Main/Synth (rail renamed through a filter/inductor or spare output) — resolve with interconnection_table.md
CBL-025,POWER_SUPPLY,X26,?,?,+5V0_ADTR,2-wire 20 AWG,,no connector with this net name on Main/Synth (rail renamed through a filter/inductor or spare output) — resolve with interconnection_table.md
CBL-026,POWER_SUPPLY,X27,MAIN_BOARD,X16,+3V3_FPGA,"2-wire 20 AWG, Molex 22-01-2027 both ends",430,rail name matched in both netlists
CBL-027,POWER_SUPPLY,X28,?,?,+5V0_5,2-wire 20 AWG,,no connector with this net name on Main/Synth (rail renamed through a filter/inductor or spare output) — resolve with interconnection_table.md
CBL-028,POWER_SUPPLY,X29,?,?,+3V3_SW,2-wire 20 AWG,,no connector with this net name on Main/Synth (rail renamed through a filter/inductor or spare output) — resolve with interconnection_table.md
CBL-029,POWER_SUPPLY,X30,MAIN_BOARD,X12,+3V3_VDD_SW,"2-wire 20 AWG, Molex 22-01-2027 both ends",1090,rail name matched in both netlists
CBL-030,POWER_SUPPLY,X31,MAIN_BOARD,X14,+5V0_PA_1,"2-wire 20 AWG, Molex 22-01-2027 both ends",1180,rail name matched in both netlists
CBL-031,POWER_SUPPLY,X32,MAIN_BOARD,X5,+5V0_PA_2,"2-wire 20 AWG, Molex 22-01-2027 both ends",1310,rail name matched in both netlists
CBL-032,POWER_SUPPLY,X33,MAIN_BOARD,X7,+5V0_PA_3,"2-wire 20 AWG, Molex 22-01-2027 both ends",1020,rail name matched in both netlists
CBL-033,POWER_SUPPLY,X34,MAIN_BOARD,X4,+3V3_ADTR,"2-wire 20 AWG, Molex 22-01-2027 both ends",1120,rail name matched in both netlists
CBL-034,POWER_SUPPLY,X35,FREQUENCY_SYNTHESIZER,X4,+3V3_XO,"2-wire 20 AWG, Molex 22-01-2027 both ends",1030,rail name matched in both netlists
CBL-035,POWER_SUPPLY,SV1,MAIN_BOARD,SV1,enable bus (15 EN + GND),20-way 1.27 mm IDC ribbon,320,
CBL-036,FREQUENCY_SYNTHESIZER,J7,MAIN_BOARD,J1,100 MHz FPGA sys clk,"coax RG-405 (0.086"") SMA-SMA, phase-stable",140,mapping from interconnection_table.md §6
CBL-037,FREQUENCY_SYNTHESIZER,J5,MAIN_BOARD,J20,120 MHz DAC,"coax RG-405 (0.086"") SMA-SMA, phase-stable",170,mapping from interconnection_table.md §6
CBL-038,FREQUENCY_SYNTHESIZER,J6,MAIN_BOARD,J18,120 MHz DAC,"coax RG-405 (0.086"") SMA-SMA, phase-stable",120,mapping from interconnection_table.md §6
CBL-039,FREQUENCY_SYNTHESIZER,J3,MAIN_BOARD,J21,400 MHz ADC,"coax RG-405 (0.086"") SMA-SMA, phase-stable",120,mapping from interconnection_table.md §6
CBL-040,FREQUENCY_SYNTHESIZER,J10,MAIN_BOARD,J23,LO TX,"coax RG-405 (0.086"") SMA-SMA, phase-stable",100,mapping from interconnection_table.md §6
CBL-041,FREQUENCY_SYNTHESIZER,J11,MAIN_BOARD,J22,LO RX,"coax RG-405 (0.086"") SMA-SMA, phase-stable",140,mapping from interconnection_table.md §6
CBL-042,FREQUENCY_SYNTHESIZER,J4,MAIN_BOARD,J19,test,"coax RG-405 (0.086"") SMA-SMA, phase-stable",100,mapping from interconnection_table.md §6
CBL-043,FREQUENCY_SYNTHESIZER,JP1,MAIN_BOARD,JP1,control header,"ribbon/discrete 26 AWG, 2.54 mm housings",210,
CBL-044,FREQUENCY_SYNTHESIZER,JP2,MAIN_BOARD,JP13,control header,"ribbon/discrete 26 AWG, 2.54 mm housings",240,
CBL-045,MAIN_BOARD,X_7,RF_PA,PA1 X2,VG_1,"2-wire 24 AWG shielded, Molex 22-01-2027",150,PA instance ↔ VG_n assignment PROPOSED (n = n); not documented in CAD
CBL-046,MAIN_BOARD,X3,RF_PA,PA1 X3,drain current sense,"3-wire 24 AWG twisted, Molex 22-01-3037",150,Main sense connector ↔ PA n PROPOSED
CBL-047,MAIN_BOARD,J27,RF_PA,PA1 J1,RF 10.5 GHz (to PA RFIN),"coax RG-405 SMA-SMA, EQUAL LENGTH set",330,which SMA of the pair is RFIN/RFOUT is UNVERIFIED (interconnection_table §7)
CBL-048,MAIN_BOARD,J26,RF_PA,PA1 J2,RF 10.5 GHz (from PA RFOUT),"coax RG-405 SMA-SMA, EQUAL LENGTH set",320,which SMA of the pair is RFIN/RFOUT is UNVERIFIED (interconnection_table §7)
CBL-049,RF_PA,PA1 J2,ANTENNA,ROW1,RF to antenna row n,"coax RG-405 SMA-2.92 mm, EQUAL LENGTH set",100,antenna row n ↔ PA n PROPOSED; equal length mandatory for elevation phase
CBL-050,DSN-PSU-01,OUT1,RF_PA,PA1 22V,"22 V drain, pulsed","2-wire 18 AWG twisted, AK300/2 screw terminal",510,
CBL-051,MAIN_BOARD,X_16,RF_PA,PA2 X2,VG_2,"2-wire 24 AWG shielded, Molex 22-01-2027",140,PA instance ↔ VG_n assignment PROPOSED (n = n); not documented in CAD
CBL-052,MAIN_BOARD,X38,RF_PA,PA2 X3,drain current sense,"3-wire 24 AWG twisted, Molex 22-01-3037",110,Main sense connector ↔ PA n PROPOSED
CBL-053,MAIN_BOARD,J29,RF_PA,PA2 J1,RF 10.5 GHz (to PA RFIN),"coax RG-405 SMA-SMA, EQUAL LENGTH set",310,which SMA of the pair is RFIN/RFOUT is UNVERIFIED (interconnection_table §7)
CBL-054,MAIN_BOARD,J28,RF_PA,PA2 J2,RF 10.5 GHz (from PA RFOUT),"coax RG-405 SMA-SMA, EQUAL LENGTH set",320,which SMA of the pair is RFIN/RFOUT is UNVERIFIED (interconnection_table §7)
CBL-055,RF_PA,PA2 J2,ANTENNA,ROW2,RF to antenna row n,"coax RG-405 SMA-2.92 mm, EQUAL LENGTH set",150,antenna row n ↔ PA n PROPOSED; equal length mandatory for elevation phase
CBL-056,DSN-PSU-01,OUT2,RF_PA,PA2 22V,"22 V drain, pulsed","2-wire 18 AWG twisted, AK300/2 screw terminal",470,
CBL-057,MAIN_BOARD,X_8,RF_PA,PA3 X2,VG_3,"2-wire 24 AWG shielded, Molex 22-01-2027",210,PA instance ↔ VG_n assignment PROPOSED (n = n); not documented in CAD
CBL-058,MAIN_BOARD,X39,RF_PA,PA3 X3,drain current sense,"3-wire 24 AWG twisted, Molex 22-01-3037",160,Main sense connector ↔ PA n PROPOSED
CBL-059,MAIN_BOARD,J25,RF_PA,PA3 J1,RF 10.5 GHz (to PA RFIN),"coax RG-405 SMA-SMA, EQUAL LENGTH set",290,which SMA of the pair is RFIN/RFOUT is UNVERIFIED (interconnection_table §7)
CBL-060,MAIN_BOARD,J24,RF_PA,PA3 J2,RF 10.5 GHz (from PA RFOUT),"coax RG-405 SMA-SMA, EQUAL LENGTH set",300,which SMA of the pair is RFIN/RFOUT is UNVERIFIED (interconnection_table §7)
CBL-061,RF_PA,PA3 J2,ANTENNA,ROW3,RF to antenna row n,"coax RG-405 SMA-2.92 mm, EQUAL LENGTH set",210,antenna row n ↔ PA n PROPOSED; equal length mandatory for elevation phase
CBL-062,DSN-PSU-01,OUT3,RF_PA,PA3 22V,"22 V drain, pulsed","2-wire 18 AWG twisted, AK300/2 screw terminal",430,
CBL-063,MAIN_BOARD,X_15,RF_PA,PA4 X2,VG_4,"2-wire 24 AWG shielded, Molex 22-01-2027",240,PA instance ↔ VG_n assignment PROPOSED (n = n); not documented in CAD
CBL-064,MAIN_BOARD,X40,RF_PA,PA4 X3,drain current sense,"3-wire 24 AWG twisted, Molex 22-01-3037",210,Main sense connector ↔ PA n PROPOSED
CBL-065,MAIN_BOARD,J31,RF_PA,PA4 J1,RF 10.5 GHz (to PA RFIN),"coax RG-405 SMA-SMA, EQUAL LENGTH set",290,which SMA of the pair is RFIN/RFOUT is UNVERIFIED (interconnection_table §7)
CBL-066,MAIN_BOARD,J30,RF_PA,PA4 J2,RF 10.5 GHz (from PA RFOUT),"coax RG-405 SMA-SMA, EQUAL LENGTH set",330,which SMA of the pair is RFIN/RFOUT is UNVERIFIED (interconnection_table §7)
CBL-067,RF_PA,PA4 J2,ANTENNA,ROW4,RF to antenna row n,"coax RG-405 SMA-2.92 mm, EQUAL LENGTH set",260,antenna row n ↔ PA n PROPOSED; equal length mandatory for elevation phase
CBL-068,DSN-PSU-01,OUT4,RF_PA,PA4 22V,"22 V drain, pulsed","2-wire 18 AWG twisted, AK300/2 screw terminal",390,
CBL-069,MAIN_BOARD,X_4,RF_PA,PA5 X2,VG_5,"2-wire 24 AWG shielded, Molex 22-01-2027",190,PA instance ↔ VG_n assignment PROPOSED (n = n); not documented in CAD
CBL-070,MAIN_BOARD,X41,RF_PA,PA5 X3,drain current sense,"3-wire 24 AWG twisted, Molex 22-01-3037",220,Main sense connector ↔ PA n PROPOSED
CBL-071,MAIN_BOARD,J35,RF_PA,PA5 J1,RF 10.5 GHz (to PA RFIN),"coax RG-405 SMA-SMA, EQUAL LENGTH set",340,which SMA of the pair is RFIN/RFOUT is UNVERIFIED (interconnection_table §7)
CBL-072,MAIN_BOARD,J34,RF_PA,PA5 J2,RF 10.5 GHz (from PA RFOUT),"coax RG-405 SMA-SMA, EQUAL LENGTH set",320,which SMA of the pair is RFIN/RFOUT is UNVERIFIED (interconnection_table §7)
CBL-073,RF_PA,PA5 J2,ANTENNA,ROW5,RF to antenna row n,"coax RG-405 SMA-2.92 mm, EQUAL LENGTH set",90,antenna row n ↔ PA n PROPOSED; equal length mandatory for elevation phase
CBL-074,DSN-PSU-01,OUT5,RF_PA,PA5 22V,"22 V drain, pulsed","2-wire 18 AWG twisted, AK300/2 screw terminal",440,
CBL-075,MAIN_BOARD,X_11,RF_PA,PA6 X2,VG_6,"2-wire 24 AWG shielded, Molex 22-01-2027",220,PA instance ↔ VG_n assignment PROPOSED (n = n); not documented in CAD
CBL-076,MAIN_BOARD,X42,RF_PA,PA6 X3,drain current sense,"3-wire 24 AWG twisted, Molex 22-01-3037",220,Main sense connector ↔ PA n PROPOSED
CBL-077,MAIN_BOARD,J37,RF_PA,PA6 J1,RF 10.5 GHz (to PA RFIN),"coax RG-405 SMA-SMA, EQUAL LENGTH set",310,which SMA of the pair is RFIN/RFOUT is UNVERIFIED (interconnection_table §7)
CBL-078,MAIN_BOARD,J36,RF_PA,PA6 J2,RF 10.5 GHz (from PA RFOUT),"coax RG-405 SMA-SMA, EQUAL LENGTH set",320,which SMA of the pair is RFIN/RFOUT is UNVERIFIED (interconnection_table §7)
CBL-079,RF_PA,PA6 J2,ANTENNA,ROW6,RF to antenna row n,"coax RG-405 SMA-2.92 mm, EQUAL LENGTH set",140,antenna row n ↔ PA n PROPOSED; equal length mandatory for elevation phase
CBL-080,DSN-PSU-01,OUT6,RF_PA,PA6 22V,"22 V drain, pulsed","2-wire 18 AWG twisted, AK300/2 screw terminal",400,
CBL-081,MAIN_BOARD,X_3,RF_PA,PA7 X2,VG_7,"2-wire 24 AWG shielded, Molex 22-01-2027",290,PA instance ↔ VG_n assignment PROPOSED (n = n); not documented in CAD
CBL-082,MAIN_BOARD,X43,RF_PA,PA7 X3,drain current sense,"3-wire 24 AWG twisted, Molex 22-01-3037",250,Main sense connector ↔ PA n PROPOSED
CBL-083,MAIN_BOARD,J33,RF_PA,PA7 J1,RF 10.5 GHz (to PA RFIN),"coax RG-405 SMA-SMA, EQUAL LENGTH set",300,which SMA of the pair is RFIN/RFOUT is UNVERIFIED (interconnection_table §7)
CBL-084,MAIN_BOARD,J32,RF_PA,PA7 J2,RF 10.5 GHz (from PA RFOUT),"coax RG-405 SMA-SMA, EQUAL LENGTH set",250,which SMA of the pair is RFIN/RFOUT is UNVERIFIED (interconnection_table §7)
CBL-085,RF_PA,PA7 J2,ANTENNA,ROW7,RF to antenna row n,"coax RG-405 SMA-2.92 mm, EQUAL LENGTH set",200,antenna row n ↔ PA n PROPOSED; equal length mandatory for elevation phase
CBL-086,DSN-PSU-01,OUT7,RF_PA,PA7 22V,"22 V drain, pulsed","2-wire 18 AWG twisted, AK300/2 screw terminal",360,
CBL-087,MAIN_BOARD,X_12,RF_PA,PA8 X2,VG_8,"2-wire 24 AWG shielded, Molex 22-01-2027",280,PA instance ↔ VG_n assignment PROPOSED (n = n); not documented in CAD
CBL-088,MAIN_BOARD,X44,RF_PA,PA8 X3,drain current sense,"3-wire 24 AWG twisted, Molex 22-01-3037",280,Main sense connector ↔ PA n PROPOSED
CBL-089,MAIN_BOARD,J39,RF_PA,PA8 J1,RF 10.5 GHz (to PA RFIN),"coax RG-405 SMA-SMA, EQUAL LENGTH set",270,which SMA of the pair is RFIN/RFOUT is UNVERIFIED (interconnection_table §7)
CBL-090,MAIN_BOARD,J38,RF_PA,PA8 J2,RF 10.5 GHz (from PA RFOUT),"coax RG-405 SMA-SMA, EQUAL LENGTH set",260,which SMA of the pair is RFIN/RFOUT is UNVERIFIED (interconnection_table §7)
CBL-091,RF_PA,PA8 J2,ANTENNA,ROW8,RF to antenna row n,"coax RG-405 SMA-2.92 mm, EQUAL LENGTH set",250,antenna row n ↔ PA n PROPOSED; equal length mandatory for elevation phase
CBL-092,DSN-PSU-01,OUT8,RF_PA,PA8 22V,"22 V drain, pulsed","2-wire 18 AWG twisted, AK300/2 screw terminal",320,
CBL-093,MAIN_BOARD,X_5,RF_PA,PA9 X2,VG_9,"2-wire 24 AWG shielded, Molex 22-01-2027",290,PA instance ↔ VG_n assignment PROPOSED (n = n); not documented in CAD
CBL-094,MAIN_BOARD,X45,RF_PA,PA9 X3,drain current sense,"3-wire 24 AWG twisted, Molex 22-01-3037",340,Main sense connector ↔ PA n PROPOSED
CBL-095,MAIN_BOARD,J47,RF_PA,PA9 J1,RF 10.5 GHz (to PA RFIN),"coax RG-405 SMA-SMA, EQUAL LENGTH set",260,which SMA of the pair is RFIN/RFOUT is UNVERIFIED (interconnection_table §7)
CBL-096,MAIN_BOARD,J46,RF_PA,PA9 J2,RF 10.5 GHz (from PA RFOUT),"coax RG-405 SMA-SMA, EQUAL LENGTH set",270,which SMA of the pair is RFIN/RFOUT is UNVERIFIED (interconnection_table §7)
CBL-097,RF_PA,PA9 J2,ANTENNA,ROW9,RF to antenna row n,"coax RG-405 SMA-2.92 mm, EQUAL LENGTH set",100,antenna row n ↔ PA n PROPOSED; equal length mandatory for elevation phase
CBL-098,DSN-PSU-01,OUT9,RF_PA,PA9 22V,"22 V drain, pulsed","2-wire 18 AWG twisted, AK300/2 screw terminal",380,
CBL-099,MAIN_BOARD,X_14,RF_PA,PA10 X2,VG_10,"2-wire 24 AWG shielded, Molex 22-01-2027",280,PA instance ↔ VG_n assignment PROPOSED (n = n); not documented in CAD
CBL-100,MAIN_BOARD,X46,RF_PA,PA10 X3,drain current sense,"3-wire 24 AWG twisted, Molex 22-01-3037",290,Main sense connector ↔ PA n PROPOSED
CBL-101,MAIN_BOARD,J41,RF_PA,PA10 J1,RF 10.5 GHz (to PA RFIN),"coax RG-405 SMA-SMA, EQUAL LENGTH set",260,which SMA of the pair is RFIN/RFOUT is UNVERIFIED (interconnection_table §7)
CBL-102,MAIN_BOARD,J40,RF_PA,PA10 J2,RF 10.5 GHz (from PA RFOUT),"coax RG-405 SMA-SMA, EQUAL LENGTH set",240,which SMA of the pair is RFIN/RFOUT is UNVERIFIED (interconnection_table §7)
CBL-103,RF_PA,PA10 J2,ANTENNA,ROW10,RF to antenna row n,"coax RG-405 SMA-2.92 mm, EQUAL LENGTH set",130,antenna row n ↔ PA n PROPOSED; equal length mandatory for elevation phase
CBL-104,DSN-PSU-01,OUT10,RF_PA,PA10 22V,"22 V drain, pulsed","2-wire 18 AWG twisted, AK300/2 screw terminal",340,
CBL-105,MAIN_BOARD,X_6,RF_PA,PA11 X2,VG_11,"2-wire 24 AWG shielded, Molex 22-01-2027",350,PA instance ↔ VG_n assignment PROPOSED (n = n); not documented in CAD
CBL-106,MAIN_BOARD,X47,RF_PA,PA11 X3,drain current sense,"3-wire 24 AWG twisted, Molex 22-01-3037",240,Main sense connector ↔ PA n PROPOSED
CBL-107,MAIN_BOARD,J45,RF_PA,PA11 J1,RF 10.5 GHz (to PA RFIN),"coax RG-405 SMA-SMA, EQUAL LENGTH set",160,which SMA of the pair is RFIN/RFOUT is UNVERIFIED (interconnection_table §7)
CBL-108,MAIN_BOARD,J44,RF_PA,PA11 J2,RF 10.5 GHz (from PA RFOUT),"coax RG-405 SMA-SMA, EQUAL LENGTH set",140,which SMA of the pair is RFIN/RFOUT is UNVERIFIED (interconnection_table §7)
CBL-109,RF_PA,PA11 J2,ANTENNA,ROW11,RF to antenna row n,"coax RG-405 SMA-2.92 mm, EQUAL LENGTH set",190,antenna row n ↔ PA n PROPOSED; equal length mandatory for elevation phase
CBL-110,DSN-PSU-01,OUT11,RF_PA,PA11 22V,"22 V drain, pulsed","2-wire 18 AWG twisted, AK300/2 screw terminal",300,
CBL-111,MAIN_BOARD,X_13,RF_PA,PA12 X2,VG_12,"2-wire 24 AWG shielded, Molex 22-01-2027",380,PA instance ↔ VG_n assignment PROPOSED (n = n); not documented in CAD
CBL-112,MAIN_BOARD,X48,RF_PA,PA12 X3,drain current sense,"3-wire 24 AWG twisted, Molex 22-01-3037",290,Main sense connector ↔ PA n PROPOSED
CBL-113,MAIN_BOARD,J43,RF_PA,PA12 J1,RF 10.5 GHz (to PA RFIN),"coax RG-405 SMA-SMA, EQUAL LENGTH set",160,which SMA of the pair is RFIN/RFOUT is UNVERIFIED (interconnection_table §7)
CBL-114,MAIN_BOARD,J42,RF_PA,PA12 J2,RF 10.5 GHz (from PA RFOUT),"coax RG-405 SMA-SMA, EQUAL LENGTH set",120,which SMA of the pair is RFIN/RFOUT is UNVERIFIED (interconnection_table §7)
CBL-115,RF_PA,PA12 J2,ANTENNA,ROW12,RF to antenna row n,"coax RG-405 SMA-2.92 mm, EQUAL LENGTH set",240,antenna row n ↔ PA n PROPOSED; equal length mandatory for elevation phase
CBL-116,DSN-PSU-01,OUT12,RF_PA,PA12 22V,"22 V drain, pulsed","2-wire 18 AWG twisted, AK300/2 screw terminal",260,
CBL-117,MAIN_BOARD,X_2,RF_PA,PA13 X2,VG_13,"2-wire 24 AWG shielded, Molex 22-01-2027",360,PA instance ↔ VG_n assignment PROPOSED (n = n); not documented in CAD
CBL-118,MAIN_BOARD,X49,RF_PA,PA13 X3,drain current sense,"3-wire 24 AWG twisted, Molex 22-01-3037",410,Main sense connector ↔ PA n PROPOSED
CBL-119,MAIN_BOARD,J55,RF_PA,PA13 J1,RF 10.5 GHz (to PA RFIN),"coax RG-405 SMA-SMA, EQUAL LENGTH set",250,which SMA of the pair is RFIN/RFOUT is UNVERIFIED (interconnection_table §7)
CBL-120,MAIN_BOARD,J54,RF_PA,PA13 J2,RF 10.5 GHz (from PA RFOUT),"coax RG-405 SMA-SMA, EQUAL LENGTH set",260,which SMA of the pair is RFIN/RFOUT is UNVERIFIED (interconnection_table §7)
CBL-121,RF_PA,PA13 J2,ANTENNA,ROW13,RF to antenna row n,"coax RG-405 SMA-2.92 mm, EQUAL LENGTH set",110,antenna row n ↔ PA n PROPOSED; equal length mandatory for elevation phase
CBL-122,DSN-PSU-01,OUT13,RF_PA,PA13 22V,"22 V drain, pulsed","2-wire 18 AWG twisted, AK300/2 screw terminal",310,
CBL-123,MAIN_BOARD,X_9,RF_PA,PA14 X2,VG_14,"2-wire 24 AWG shielded, Molex 22-01-2027",380,PA instance ↔ VG_n assignment PROPOSED (n = n); not documented in CAD
CBL-124,MAIN_BOARD,X50,RF_PA,PA14 X3,drain current sense,"3-wire 24 AWG twisted, Molex 22-01-3037",380,Main sense connector ↔ PA n PROPOSED
CBL-125,MAIN_BOARD,J49,RF_PA,PA14 J1,RF 10.5 GHz (to PA RFIN),"coax RG-405 SMA-SMA, EQUAL LENGTH set",250,which SMA of the pair is RFIN/RFOUT is UNVERIFIED (interconnection_table §7)
CBL-126,MAIN_BOARD,J48,RF_PA,PA14 J2,RF 10.5 GHz (from PA RFOUT),"coax RG-405 SMA-SMA, EQUAL LENGTH set",230,which SMA of the pair is RFIN/RFOUT is UNVERIFIED (interconnection_table §7)
CBL-127,RF_PA,PA14 J2,ANTENNA,ROW14,RF to antenna row n,"coax RG-405 SMA-2.92 mm, EQUAL LENGTH set",130,antenna row n ↔ PA n PROPOSED; equal length mandatory for elevation phase
CBL-128,DSN-PSU-01,OUT14,RF_PA,PA14 22V,"22 V drain, pulsed","2-wire 18 AWG twisted, AK300/2 screw terminal",270,
CBL-129,MAIN_BOARD,X_1,RF_PA,PA15 X2,VG_15,"2-wire 24 AWG shielded, Molex 22-01-2027",450,PA instance ↔ VG_n assignment PROPOSED (n = n); not documented in CAD
CBL-130,MAIN_BOARD,X51,RF_PA,PA15 X3,drain current sense,"3-wire 24 AWG twisted, Molex 22-01-3037",350,Main sense connector ↔ PA n PROPOSED
CBL-131,MAIN_BOARD,J53,RF_PA,PA15 J1,RF 10.5 GHz (to PA RFIN),"coax RG-405 SMA-SMA, EQUAL LENGTH set",150,which SMA of the pair is RFIN/RFOUT is UNVERIFIED (interconnection_table §7)
CBL-132,MAIN_BOARD,J52,RF_PA,PA15 J2,RF 10.5 GHz (from PA RFOUT),"coax RG-405 SMA-SMA, EQUAL LENGTH set",190,which SMA of the pair is RFIN/RFOUT is UNVERIFIED (interconnection_table §7)
CBL-133,RF_PA,PA15 J2,ANTENNA,ROW15,RF to antenna row n,"coax RG-405 SMA-2.92 mm, EQUAL LENGTH set",180,antenna row n ↔ PA n PROPOSED; equal length mandatory for elevation phase
CBL-134,DSN-PSU-01,OUT15,RF_PA,PA15 22V,"22 V drain, pulsed","2-wire 18 AWG twisted, AK300/2 screw terminal",230,
CBL-135,MAIN_BOARD,X_10,RF_PA,PA16 X2,VG_16,"2-wire 24 AWG shielded, Molex 22-01-2027",450,PA instance ↔ VG_n assignment PROPOSED (n = n); not documented in CAD
CBL-136,MAIN_BOARD,X52,RF_PA,PA16 X3,drain current sense,"3-wire 24 AWG twisted, Molex 22-01-3037",370,Main sense connector ↔ PA n PROPOSED
CBL-137,MAIN_BOARD,J51,RF_PA,PA16 J1,RF 10.5 GHz (to PA RFIN),"coax RG-405 SMA-SMA, EQUAL LENGTH set",170,which SMA of the pair is RFIN/RFOUT is UNVERIFIED (interconnection_table §7)
CBL-138,MAIN_BOARD,J50,RF_PA,PA16 J2,RF 10.5 GHz (from PA RFOUT),"coax RG-405 SMA-SMA, EQUAL LENGTH set",190,which SMA of the pair is RFIN/RFOUT is UNVERIFIED (interconnection_table §7)
CBL-139,RF_PA,PA16 J2,ANTENNA,ROW16,RF to antenna row n,"coax RG-405 SMA-2.92 mm, EQUAL LENGTH set",230,antenna row n ↔ PA n PROPOSED; equal length mandatory for elevation phase
CBL-140,DSN-PSU-01,OUT16,RF_PA,PA16 22V,"22 V drain, pulsed","2-wire 18 AWG twisted, AK300/2 screw terminal",190,
CBL-141,SLIP RING,VIN,POWER_SUPPLY,X1,VIN 12-17 V,2 × 2-wire 16 AWG,340,
CBL-142,SLIP RING,VIN,DSN-PSU-01,IN,VIN to 22 V boost,2 × 2-wire 16 AWG,470,
CBL-143,SLIP RING,USB,MAIN_BOARD,X53,USB 2.0 FS to host,"USB 2.0 shielded, mini-B",360,
CBL-144,MAIN_BOARD,stepper pins,PEDESTAL,TB6600 (via slip ring),STEP/DIR/EN,3-wire 24 AWG shielded,,the driver sits on the fixed base; needs 3 more slip-ring circuits OR move the driver into the head (then only motor phases cross: 4 circuits) — DECISION NEEDED
