net,connections
VIN_RAW,"J1.1, F1.1"
VIN_F,"F1.2 → FL1.in; FL1.out → U1/U2 VIN, L1/L2"
22V_BUS,"Q2/Q4 drains, C_out, C_bulk, U3 VIN, Rs"
22V_SW,"Q5 source → U4..U19 VIN, Q6..Q21 drains"
OUT1..OUT16,Q6..Q21 sources → C_loc → OUTn.1
GND,"star; J1.2, FL1, U1/U2/U3 GND, OUTn.2, chassis via Y caps"
EN/DIS_RFPA_VDD,STM32 GPIO (main.h) → U3 EN (level-shift 3.3 V → UVLO pin)
TX_GATE,FPGA spare I/O → U4..U19 IN (buffered 74LVC2G34)
PGOOD_22V,"U1 PGOOD & U3 PGD (open-drain, wired-AND) → MCU GPIO (to allocate)"
