item,qty,references,value,deviceset,device,package,manufacturer,mpn,mpn_confidence,dnp,note
1,34,X10 X11 X12 X13 X14 X15 X16 X17 X18 X19 X2 X20 X21 X22 X23 X24 X25 X26 X27 X28 X29 X3 X30 X31 X32 X33 X34 X35 X4 X5 X6 X7 X8 X9,,22-23-2021,,22-23-2021,Molex,22-23-2021,HIGH,no,"KK 254 header, 2 pos"
2,6,U23 U25 U27 U29 U30 U5,,ADM7151ACPZ-04-R7,,CP_8_11_ADI,Analog Devices,ADM7151ACPZ-04-R7,HIGH,no,"ultralow-noise LDO, LFCSP-8"
3,1,X1,,AK300/2,,AK300/2,PTR Messtechnik,AK300/2,HIGH,no,screw terminal 2 pos (library con-ptr500); verify current PTR part code AK300/2-5.0
4,21,C1 C109 C119 C12 C129 C144 C154 C18 C29 C30 C36 C42 C54 C6 C60 C66 C71 C76 C77 C83 C89,0.1µF,C-EU,C0805,C0805,Murata,GRM21BR71H104KA01L,MEDIUM,no,0805 X7R 50 V
5,4,C150 C152 C160 C162,10nF,C-EU,C0603,C0603,Murata,GRM188R71H103KA01D,MEDIUM,no,0603 X7R 50 V
6,60,C10 C108 C112 C113 C114 C115 C118 C122 C123 C124 C125 C128 C132 C133 C134 C135 C138 C139 C140 C143 C147 C148 C15 C157 C158 C16 C21 C22 C24 C25 C28 C33 C34 C39 C4 C40 C45 C46 C5 C50 C51 C52 C53 C57 C58 C63 C64 C69 C70 C74 C75 C80 C81 C86 C87 C9 C92 C93 C94 C95,10µF,C-EU,C0805,C0805,Murata,GRM21BR61E106KA73L,MEDIUM,no,0805 X5R 25 V
7,4,C151 C153 C161 C163,10µF,C-EU,C0603,C0603,Murata,GRM188R61E106MA73D,MEDIUM,no,0603 X5R 25 V
8,12,C106 C107 C116 C117 C126 C127 C136 C137 C141 C142 C26 C27,1µF,C-EU,C0805,C0805,Murata,GRM21BR71H105KA12L,MEDIUM,no,0805 X7R 50 V
9,52,C11 C110 C111 C120 C121 C13 C130 C131 C14 C145 C146 C149 C155 C156 C159 C17 C19 C2 C20 C23 C3 C31 C32 C35 C37 C38 C41 C43 C44 C47 C48 C49 C55 C56 C59 C61 C62 C65 C67 C68 C7 C72 C73 C78 C79 C8 C82 C84 C85 C88 C90 C91,22µF,C-EU,C0603,C0603,Murata,GRM188R60J226MEA0D,MEDIUM,no,0603 X5R 6.3 V — rail voltage to be verified
10,5,U18 U19 U20 U21 U22,,LM2662MX/NOPB,,M08A,Texas Instruments,LM2662MX/NOPB,HIGH,no,"switched-capacitor inverter, SOIC-8"
11,1,SV1,,MA10-2,,MA10-2,generic,TSW-110-07-G-D,LOW,no,EAGLE con-lstb MA10-2 = 2×10 pin header 2.54 mm; Samtec TSW-110-07-G-D proposed
12,2,U$1 U$2,2.2µH,POWER_INDUCTOR,,IND_VLP8040T-1R0N_TDK,TDK,VLP8040T-2R2M,MEDIUM,no,footprint is the VLP8040T 1R0N (1 µH) variant; value 2.2uH → same series part proposed
13,19,U$10 U$11 U$12 U$13 U$14 U$15 U$16 U$17 U$18 U$19 U$20 U$21 U$3 U$4 U$5 U$6 U$7 U$8 U$9,3.3µH,POWER_INDUCTOR,,IND_VLP8040T-1R0N_TDK,TDK,VLP8040T-3R3M,MEDIUM,no,footprint is the VLP8040T 1R0N (1 µH) variant; value 3.3uH → same series part proposed
14,27,R10 R12 R14 R16 R18 R2 R20 R22 R24 R26 R28 R30 R32 R34 R36 R38 R4 R40 R42 R44 R46 R48 R50 R52 R56 R6 R8,10k,R-EU_,M0805,M0805,Yageo,RC0805FR-0710KL,MEDIUM,no,1 % thick film
15,2,R54 R58,11.5k,R-EU_,M0805,M0805,Yageo,RC0805FR-0711K5L,MEDIUM,no,1 % thick film
16,4,R35 R43 R47 R9,12k,R-EU_,M0805,M0805,Yageo,RC0805FR-0712KL,MEDIUM,no,1 % thick film
17,1,R3,13.7k,R-EU_,M0805,M0805,Yageo,RC0805FR-0713K7L,MEDIUM,no,1 % thick film
18,1,R49,23.4k,R-EU_,M0805,M0805,Yageo,,LOW,no,non-E24/E96 value 23.4 Ω (nearest standard 2.32e+04 Ω) — value substitution is a design decision (Yageo RC0805FR-07 series)
19,1,R39,2k,R-EU_,M0805,M0805,Yageo,RC0805FR-072KL,MEDIUM,no,1 % thick film
20,1,R1,3.09k,R-EU_,M0805,M0805,Yageo,RC0805FR-073K09L,MEDIUM,no,1 % thick film
21,6,R11 R13 R15 R19 R5 R7,32.2k,R-EU_,M0805,M0805,Yageo,,LOW,no,non-E24/E96 value 32.2 Ω (nearest standard 3.24e+04 Ω) — value substitution is a design decision (Yageo RC0805FR-07 series)
22,1,R21,34.8k,R-EU_,M0805,M0805,Yageo,RC0805FR-0734K8L,MEDIUM,no,1 % thick film
23,2,R53 R57,35.7k,R-EU_,M0805,M0805,Yageo,RC0805FR-0735K7L,MEDIUM,no,1 % thick film
24,11,R17 R23 R25 R27 R29 R31 R37 R41 R45 R51 R55,56.2k,R-EU_,M0805,M0805,Yageo,RC0805FR-0756K2L,MEDIUM,no,1 % thick film
25,1,R33,61.9k,R-EU_,M0805,M0805,Yageo,RC0805FR-0761K9L,MEDIUM,no,1 % thick film
26,10,C100 C101 C102 C103 C104 C105 C96 C97 C98 C99,,T521W476M020ATE045,,T521W,KEMET,T521W476M020ATE045,HIGH,no,"polymer tantalum 47 µF 20 V, case W"
27,21,U1 U10 U11 U12 U13 U14 U15 U16 U17 U2 U24 U26 U28 U3 U31 U33 U4 U6 U7 U8 U9,,TPS562208DDCT,,DDC0006A_N,Texas Instruments,TPS562208DDCT,HIGH,no,"2 A buck converter, SOT-23-6"
28,2,U32 U34,,TPS7A8300RGRR,,RGR20_2P05X2P05_TEX,Texas Instruments,TPS7A8300RGRR,HIGH,no,"2 A LDO, VQFN-20"
