net,part,gate,pin,pad,sheet,net_class
+1V8_CLOCK,C31,G$1,1,1,1,0
+1V8_CLOCK,C35,G$1,1,1,1,0
+1V8_CLOCK,C36,G$1,1,1,1,0
+1V8_CLOCK,C37,G$1,1,1,1,0
+1V8_CLOCK,C41,G$1,1,1,1,0
+1V8_CLOCK,C42,G$1,1,1,1,0
+1V8_CLOCK,C43,G$1,1,1,1,0
+1V8_CLOCK,C44,G$1,1,1,1,0
+1V8_CLOCK,IC1,G$1,VDD1.8_OUT[0:3],63,1,0
+1V8_CLOCK,IC1,G$1,VDD1.8_OUT[10:11],36,1,0
+1V8_CLOCK,IC1,G$1,VDD1.8_OUT[12:13],30,1,0
+1V8_CLOCK,IC1,G$1,VDD1.8_OUT[4:5],54,1,0
+1V8_CLOCK,IC1,G$1,VDD1.8_OUT[6:7],48,1,0
+1V8_CLOCK,IC1,G$1,VDD1.8_OUT[8:9],42,1,0
+1V8_CLOCK,IC1,G$1,VDD1.8_PLL2,69,1,0
+1V8_CLOCK,L11,G$1,1,1,1,0
+3V3_CLOCK,C16,G$1,1,1,1,0
+3V3_CLOCK,C18,G$1,1,1,1,0
+3V3_CLOCK,C20,G$1,1,1,1,0
+3V3_CLOCK,C22,G$1,1,1,1,0
+3V3_CLOCK,C24,G$1,1,1,1,0
+3V3_CLOCK,C26,G$1,1,1,1,0
+3V3_CLOCK,C27,G$1,1,1,1,0
+3V3_CLOCK,C28,G$1,1,1,1,0
+3V3_CLOCK,C30,G$1,1,1,1,0
+3V3_CLOCK,C32,G$1,1,1,1,0
+3V3_CLOCK,C34,G$1,1,1,1,0
+3V3_CLOCK,IC1,G$1,VDD3_OUT[0:1],66,1,0
+3V3_CLOCK,IC1,G$1,VDD3_OUT[10:11],33,1,0
+3V3_CLOCK,IC1,G$1,VDD3_OUT[12:13],27,1,0
+3V3_CLOCK,IC1,G$1,VDD3_OUT[2:3],60,1,0
+3V3_CLOCK,IC1,G$1,VDD3_OUT[4:5],51,1,0
+3V3_CLOCK,IC1,G$1,VDD3_OUT[6:7],45,1,0
+3V3_CLOCK,IC1,G$1,VDD3_OUT[8:9],39,1,0
+3V3_CLOCK,IC1,G$1,VDD3_PLL1,2,1,0
+3V3_CLOCK,IC1,G$1,VDD3_PLL2,13,1,0
+3V3_CLOCK,IC1,G$1,VDD3_REF,18,1,0
+3V3_CLOCK,L10,G$1,1,1,1,0
+3V3_LO_1,C38,G$1,1,1,1,0
+3V3_LO_1,C39,G$1,1,1,1,0
+3V3_LO_1,C40,G$1,1,1,1,0
+3V3_LO_1,C45,G$1,1,1,1,0
+3V3_LO_1,C48,G$1,1,1,1,0
+3V3_LO_1,C49,G$1,1,1,1,0
+3V3_LO_1,C50,G$1,1,1,1,0
+3V3_LO_1,C72,G$1,1,1,1,0
+3V3_LO_1,C77,G$1,1,1,1,0
+3V3_LO_1,C78,G$1,1,1,1,0
+3V3_LO_1,C79,G$1,1,1,1,0
+3V3_LO_1,C80,G$1,1,1,1,0
+3V3_LO_1,C81,G$1,1,1,1,0
+3V3_LO_1,L12,G$1,1,1,1,0
+3V3_LO_1,R24,G$1,2,2,1,0
+3V3_LO_1,R25,G$1,2,2,1,0
+3V3_LO_1,R37,G$1,2,2,1,0
+3V3_LO_1,R38,G$1,2,2,1,0
+3V3_LO_1,U1,A,V3_LDO,36,1,0
+3V3_LO_1,U1,A,V3_LS,30,1,0
+3V3_LO_1,U1,A,V3_NDIV,3,1,0
+3V3_LO_1,U1,A,V3_PFD,45,1,0
+3V3_LO_1,U1,A,V3_REF,44,1,0
+3V3_LO_1,U1,A,V3_SYNC,40,1,0
+3V3_LO_1,U6,A,V3_LDO,36,1,0
+3V3_LO_1,U6,A,V3_LS,30,1,0
+3V3_LO_1,U6,A,V3_NDIV,3,1,0
+3V3_LO_1,U6,A,V3_PFD,45,1,0
+3V3_LO_1,U6,A,V3_REF,44,1,0
+3V3_LO_1,U6,A,V3_SYNC,40,1,0
+3V3_LO_2,C1,G$1,1,1,1,0
+3V3_LO_2,C47,G$1,1,1,1,0
+3V3_LO_2,C55,G$1,1,1,1,0
+3V3_LO_2,C56,G$1,1,1,1,0
+3V3_LO_2,C57,G$1,1,1,1,0
+3V3_LO_2,C58,G$1,1,1,1,0
+3V3_LO_2,C63,G$1,1,1,1,0
+3V3_LO_2,C73,G$1,1,1,1,0
+3V3_LO_2,C74,G$1,1,1,1,0
+3V3_LO_2,C75,G$1,1,1,1,0
+3V3_LO_2,C76,G$1,1,1,1,0
+3V3_LO_2,C86,G$1,1,1,1,0
+3V3_LO_2,C89,G$1,1,1,1,0
+3V3_LO_2,L1,G$1,1,1,1,0
+3V3_LO_2,L13,G$1,1,1,1,0
+3V3_LO_2,L2,G$1,1,1,1,0
+3V3_LO_2,L3,G$1,2,2,1,0
+3V3_LO_2,L4,G$1,2,2,1,0
+3V3_LO_2,L5,G$1,1,1,1,0
+3V3_LO_2,L6,G$1,2,2,1,0
+3V3_LO_2,L7,G$1,1,1,1,0
+3V3_LO_2,L8,G$1,2,2,1,0
+3V3_LO_2,U1,A,V3_OUTDIV,11,1,0
+3V3_LO_2,U1,A,V3_RFOUT1,24,1,0
+3V3_LO_2,U1,A,V3_RFOUT2,13,1,0
+3V3_LO_2,U1,A,V3_VCOB,5,1,0
+3V3_LO_2,U6,A,V3_OUTDIV,11,1,0
+3V3_LO_2,U6,A,V3_RFOUT1,24,1,0
+3V3_LO_2,U6,A,V3_RFOUT2,13,1,0
+3V3_LO_2,U6,A,V3_VCOB,5,1,0
+3V3_XO,C23,G$1,1,1,1,0
+3V3_XO,L9,G$1,1,1,1,0
+3V3_XO,R2,G$1,2,2,1,0
+3V3_XO,X4,A,SUPPLY_VOLTAGE,3,1,0
+3V3_XO,X5,A,VDD,4,1,0
+3V3_XO,X6,A,VDD,4,1,0
+5V0_LO,C51,G$1,1,1,1,0
+5V0_LO,FB1,G$1,1,1,1,0
+5V0_LO,FB2,G$1,1,1,1,0
+5V0_LO,FB3,G$1,2,2,1,0
+5V0_LO,FB4,G$1,2,2,1,0
+5V0_LO,X15,-1,S,1,1,0
100MHZ_OUT,IC1,G$1,REFB,5,1,0
100MHZ_OUT,X5,A,OUT,3,1,0
10MHZ_OUT,IC1,G$1,REFA,3,1,0
10MHZ_OUT,X4,A,OUTPUT,4,1,0
AD9523_CS,JP1,A,5,5,1,0
AD9523_CS,R10,G$1,1,1,1,0
AD9523_EEPROM_SEL,IC1,G$1,EEPROM_SEL,57,1,0
AD9523_EEPROM_SEL,JP1,A,11,11,1,0
AD9523_OUT0_N,C11,G$1,2,2,1,1
AD9523_OUT0_N,IC1,G$1,~OUT0,67,1,1
AD9523_OUT0_P,C12,G$1,2,2,1,1
AD9523_OUT0_P,IC1,G$1,OUT0,68,1,1
AD9523_OUT10+,IC1,G$1,OUT10,35,1,0
AD9523_OUT10+,R40,G$1,1,1,1,0
AD9523_OUT11+,IC1,G$1,OUT11,32,1,0
AD9523_OUT11+,R41,G$1,1,1,1,0
AD9523_OUT1_N,C68,G$1,2,2,1,1
AD9523_OUT1_N,IC1,G$1,~OUT1,64,1,1
AD9523_OUT1_P,C69,G$1,2,2,1,1
AD9523_OUT1_P,IC1,G$1,OUT1,65,1,1
AD9523_OUT2+,IC1,G$1,OUT2,62,1,0
AD9523_OUT2-,IC1,G$1,~OUT2,61,1,0
AD9523_OUT3+,IC1,G$1,OUT3,59,1,0
AD9523_OUT3-,IC1,G$1,~OUT3,58,1,0
AD9523_OUT4_N,IC1,G$1,~OUT4,52,1,1
AD9523_OUT4_N,J3,A,2,2,1,1
AD9523_OUT4_P,IC1,G$1,OUT4,53,1,1
AD9523_OUT4_P,J3,A,1,1,1,1
AD9523_OUT5_N,IC1,G$1,~OUT5,49,1,1
AD9523_OUT5_N,J4,A,2,2,1,1
AD9523_OUT5_P,IC1,G$1,OUT5,50,1,1
AD9523_OUT5_P,J4,A,1,1,1,1
AD9523_OUT6+,C15,G$1,2,2,1,0
AD9523_OUT6+,J7,G$1,1,1,1,0
AD9523_OUT7+,IC1,G$1,OUT7,44,1,0
AD9523_OUT7+,J8,G$1,1,1,1,0
AD9523_OUT8_N,C70,G$1,2,2,1,1
AD9523_OUT8_N,IC1,G$1,~OUT8,40,1,1
AD9523_OUT8_P,C71,G$1,2,2,1,1
AD9523_OUT8_P,IC1,G$1,OUT8,41,1,1
AD9523_OUT9_N,C13,G$1,2,2,1,1
AD9523_OUT9_N,IC1,G$1,~OUT9,37,1,1
AD9523_OUT9_P,C14,G$1,2,2,1,1
AD9523_OUT9_P,IC1,G$1,OUT9,38,1,1
AD9523_PD,IC1,G$1,~PD,15,1,0
AD9523_PD,JP1,A,1,1,1,0
AD9523_REF_SEL,IC1,G$1,REF_SEL,16,1,0
AD9523_REF_SEL,JP1,A,2,2,1,0
AD9523_RESET,IC1,G$1,~RESET,19,1,0
AD9523_RESET,JP1,A,4,4,1,0
AD9523_SCLK,JP1,A,6,6,1,0
AD9523_SCLK,R6,G$1,1,1,1,0
AD9523_SDIO,JP1,A,7,7,1,0
AD9523_SDIO,R8,G$1,1,1,1,0
AD9523_SDO,IC1,G$1,SDO,23,1,0
AD9523_SDO,JP1,A,8,8,1,0
AD9523_STATUS0,IC1,G$1,STATUS0/SP0,56,1,0
AD9523_STATUS0,JP1,A,9,9,1,0
AD9523_STATUS1,IC1,G$1,STATUS1/SPI,55,1,0
AD9523_STATUS1,JP1,A,10,10,1,0
AD9523_SYNC,IC1,G$1,~SYNC,17,1,0
AD9523_SYNC,JP1,A,3,3,1,0
ADF4382_RX_CE,JP2,A,10,10,1,0
ADF4382_RX_CE,R38,G$1,1,1,1,0
ADF4382_RX_CE,U6,A,CE,31,1,0
ADF4382_RX_CS,JP2,A,9,9,1,0
ADF4382_RX_CS,R37,G$1,1,1,1,0
ADF4382_RX_CS,U6,A,CSB,32,1,0
ADF4382_RX_DELADJ,JP2,A,12,12,1,0
ADF4382_RX_DELADJ,R35,G$1,2,2,1,0
ADF4382_RX_DELADJ,U6,A,DELADJ,28,1,0
ADF4382_RX_DELSTR,JP2,A,11,11,1,0
ADF4382_RX_DELSTR,R36,G$1,2,2,1,0
ADF4382_RX_DELSTR,U6,A,DELSTR,29,1,0
ADF4382_RX_LKDET,JP2,A,13,13,1,0
ADF4382_RX_LKDET,R34,G$1,2,2,1,0
ADF4382_RX_LKDET,U6,A,LKDET,27,1,0
ADF4382_RX_SYNC_N,C70,G$1,1,1,1,1
ADF4382_RX_SYNC_N,R26,G$1,2,2,1,1
ADF4382_RX_SYNC_N,U6,A,SYNCN,39,1,1
ADF4382_RX_SYNC_P,C71,G$1,1,1,1,1
ADF4382_RX_SYNC_P,R26,G$1,1,1,1,1
ADF4382_RX_SYNC_P,U6,A,SYNCP,38,1,1
ADF4382_SCLK,JP2,A,2,2,1,0
ADF4382_SCLK,U1,A,SCLK,34,1,0
ADF4382_SCLK,U6,A,SCLK,34,1,0
ADF4382_SDIO,JP2,A,3,3,1,0
ADF4382_SDIO,U1,A,SDIO,33,1,0
ADF4382_SDIO,U6,A,SDIO,33,1,0
ADF4382_SDO,JP2,A,1,1,1,0
ADF4382_SDO,U1,A,SDO,35,1,0
ADF4382_SDO,U6,A,SDO,35,1,0
ADF4382_TX_CE,JP2,A,5,5,1,0
ADF4382_TX_CE,R25,G$1,1,1,1,0
ADF4382_TX_CE,U1,A,CE,31,1,0
ADF4382_TX_CS,JP2,A,4,4,1,0
ADF4382_TX_CS,R24,G$1,1,1,1,0
ADF4382_TX_CS,U1,A,CSB,32,1,0
ADF4382_TX_DELADJ,JP2,A,7,7,1,0
ADF4382_TX_DELADJ,R22,G$1,2,2,1,0
ADF4382_TX_DELADJ,U1,A,DELADJ,28,1,0
ADF4382_TX_DELSTR,JP2,A,6,6,1,0
ADF4382_TX_DELSTR,R23,G$1,2,2,1,0
ADF4382_TX_DELSTR,U1,A,DELSTR,29,1,0
ADF4382_TX_LKDET,JP2,A,8,8,1,0
ADF4382_TX_LKDET,R21,G$1,2,2,1,0
ADF4382_TX_LKDET,U1,A,LKDET,27,1,0
ADF4382_TX_SYNC_N,C13,G$1,1,1,1,1
ADF4382_TX_SYNC_N,R13,G$1,2,2,1,1
ADF4382_TX_SYNC_N,U1,A,SYNCN,39,1,1
ADF4382_TX_SYNC_P,C14,G$1,1,1,1,1
ADF4382_TX_SYNC_P,R13,G$1,1,1,1,1
ADF4382_TX_SYNC_P,U1,A,SYNCP,38,1,1
GND,C1,G$1,2,2,1,0
GND,C10,G$1,1,1,1,0
GND,C16,G$1,2,2,1,0
GND,C18,G$1,2,2,1,0
GND,C2,G$1,2,2,1,0
GND,C20,G$1,2,2,1,0
GND,C21,G$1,2,2,1,0
GND,C22,G$1,2,2,1,0
GND,C23,G$1,2,2,1,0
GND,C24,G$1,2,2,1,0
GND,C25,G$1,2,2,1,0
GND,C26,G$1,2,2,1,0
GND,C27,G$1,2,2,1,0
GND,C28,G$1,2,2,1,0
GND,C29,G$1,2,2,1,0
GND,C3,G$1,1,1,1,0
GND,C30,G$1,2,2,1,0
GND,C31,G$1,2,2,1,0
GND,C32,G$1,2,2,1,0
GND,C33,G$1,2,2,1,0
GND,C34,G$1,2,2,1,0
GND,C35,G$1,2,2,1,0
GND,C36,G$1,2,2,1,0
GND,C37,G$1,2,2,1,0
GND,C38,G$1,2,2,1,0
GND,C39,G$1,2,2,1,0
GND,C4,G$1,1,1,1,0
GND,C40,G$1,2,2,1,0
GND,C41,G$1,2,2,1,0
GND,C42,G$1,2,2,1,0
GND,C43,G$1,2,2,1,0
GND,C44,G$1,2,2,1,0
GND,C45,G$1,2,2,1,0
GND,C46,G$1,2,2,1,0
GND,C47,G$1,2,2,1,0
GND,C48,G$1,2,2,1,0
GND,C49,G$1,2,2,1,0
GND,C5,G$1,1,1,1,0
GND,C50,G$1,2,2,1,0
GND,C51,G$1,2,2,1,0
GND,C55,G$1,2,2,1,0
GND,C56,G$1,2,2,1,0
GND,C57,G$1,2,2,1,0
GND,C58,G$1,2,2,1,0
GND,C59,G$1,1,1,1,0
GND,C6,G$1,1,1,1,0
GND,C60,G$1,2,2,1,0
GND,C61,G$1,2,2,1,0
GND,C62,G$1,2,2,1,0
GND,C63,G$1,2,2,1,0
GND,C7,G$1,1,1,1,0
GND,C72,G$1,2,2,1,0
GND,C73,G$1,2,2,1,0
GND,C74,G$1,2,2,1,0
GND,C75,G$1,2,2,1,0
GND,C76,G$1,2,2,1,0
GND,C77,G$1,2,2,1,0
GND,C78,G$1,2,2,1,0
GND,C79,G$1,2,2,1,0
GND,C80,G$1,2,2,1,0
GND,C81,G$1,2,2,1,0
GND,C82,G$1,1,1,1,0
GND,C83,G$1,2,2,1,0
GND,C84,G$1,2,2,1,0
GND,C85,G$1,2,2,1,0
GND,C86,G$1,2,2,1,0
GND,C89,G$1,2,2,1,0
GND,C9,G$1,1,1,1,0
GND,D1,G$1,C,C,1,0
GND,D2,G$1,C,C,1,0
GND,GND1,1,GND,,1,0
GND,GND10,1,GND,,1,0
GND,GND100,1,GND,,1,0
GND,GND101,1,GND,,1,0
GND,GND102,1,GND,,1,0
GND,GND103,1,GND,,1,0
GND,GND104,1,GND,,1,0
GND,GND105,1,GND,,1,0
GND,GND106,1,GND,,1,0
GND,GND107,1,GND,,1,0
GND,GND108,1,GND,,1,0
GND,GND109,1,GND,,1,0
GND,GND11,1,GND,,1,0
GND,GND110,1,GND,,1,0
GND,GND111,1,GND,,1,0
GND,GND112,1,GND,,1,0
GND,GND113,1,GND,,1,0
GND,GND114,1,GND,,1,0
GND,GND115,1,GND,,1,0
GND,GND116,1,GND,,1,0
GND,GND117,1,GND,,1,0
GND,GND118,1,GND,,1,0
GND,GND119,1,GND,,1,0
GND,GND12,1,GND,,1,0
GND,GND120,1,GND,,1,0
GND,GND121,1,GND,,1,0
GND,GND122,1,GND,,1,0
GND,GND123,1,GND,,1,0
GND,GND124,1,GND,,1,0
GND,GND125,1,GND,,1,0
GND,GND126,1,GND,,1,0
GND,GND127,1,GND,,1,0
GND,GND128,1,GND,,1,0
GND,GND129,1,GND,,1,0
GND,GND13,1,GND,,1,0
GND,GND130,1,GND,,1,0
GND,GND131,1,GND,,1,0
GND,GND132,1,GND,,1,0
GND,GND133,1,GND,,1,0
GND,GND134,1,GND,,1,0
GND,GND135,1,GND,,1,0
GND,GND136,1,GND,,1,0
GND,GND137,1,GND,,1,0
GND,GND138,1,GND,,1,0
GND,GND14,1,GND,,1,0
GND,GND140,1,GND,,1,0
GND,GND15,1,GND,,1,0
GND,GND16,1,GND,,1,0
GND,GND17,1,GND,,1,0
GND,GND18,1,GND,,1,0
GND,GND19,1,GND,,1,0
GND,GND20,1,GND,,1,0
GND,GND21,1,GND,,1,0
GND,GND22,1,GND,,1,0
GND,GND23,1,GND,,1,0
GND,GND24,1,GND,,1,0
GND,GND25,1,GND,,1,0
GND,GND26,1,GND,,1,0
GND,GND27,1,GND,,1,0
GND,GND28,1,GND,,1,0
GND,GND29,1,GND,,1,0
GND,GND30,1,GND,,1,0
GND,GND32,1,GND,,1,0
GND,GND33,1,GND,,1,0
GND,GND34,1,GND,,1,0
GND,GND35,1,GND,,1,0
GND,GND36,1,GND,,1,0
GND,GND37,1,GND,,1,0
GND,GND38,1,GND,,1,0
GND,GND39,1,GND,,1,0
GND,GND40,1,GND,,1,0
GND,GND41,1,GND,,1,0
GND,GND42,1,GND,,1,0
GND,GND43,1,GND,,1,0
GND,GND44,1,GND,,1,0
GND,GND45,1,GND,,1,0
GND,GND46,1,GND,,1,0
GND,GND47,1,GND,,1,0
GND,GND48,1,GND,,1,0
GND,GND49,1,GND,,1,0
GND,GND50,1,GND,,1,0
GND,GND51,1,GND,,1,0
GND,GND52,1,GND,,1,0
GND,GND53,1,GND,,1,0
GND,GND54,1,GND,,1,0
GND,GND55,1,GND,,1,0
GND,GND56,1,GND,,1,0
GND,GND57,1,GND,,1,0
GND,GND58,1,GND,,1,0
GND,GND59,1,GND,,1,0
GND,GND60,1,GND,,1,0
GND,GND61,1,GND,,1,0
GND,GND62,1,GND,,1,0
GND,GND63,1,GND,,1,0
GND,GND64,1,GND,,1,0
GND,GND65,1,GND,,1,0
GND,GND66,1,GND,,1,0
GND,GND67,1,GND,,1,0
GND,GND68,1,GND,,1,0
GND,GND69,1,GND,,1,0
GND,GND7,1,GND,,1,0
GND,GND70,1,GND,,1,0
GND,GND71,1,GND,,1,0
GND,GND72,1,GND,,1,0
GND,GND73,1,GND,,1,0
GND,GND74,1,GND,,1,0
GND,GND75,1,GND,,1,0
GND,GND76,1,GND,,1,0
GND,GND77,1,GND,,1,0
GND,GND78,1,GND,,1,0
GND,GND79,1,GND,,1,0
GND,GND8,1,GND,,1,0
GND,GND80,1,GND,,1,0
GND,GND81,1,GND,,1,0
GND,GND82,1,GND,,1,0
GND,GND83,1,GND,,1,0
GND,GND84,1,GND,,1,0
GND,GND85,1,GND,,1,0
GND,GND86,1,GND,,1,0
GND,GND87,1,GND,,1,0
GND,GND88,1,GND,,1,0
GND,GND89,1,GND,,1,0
GND,GND9,1,GND,,1,0
GND,GND90,1,GND,,1,0
GND,GND91,1,GND,,1,0
GND,GND92,1,GND,,1,0
GND,GND93,1,GND,,1,0
GND,GND94,1,GND,,1,0
GND,GND95,1,GND,,1,0
GND,GND96,1,GND,,1,0
GND,GND97,1,GND,,1,0
GND,GND98,1,GND,,1,0
GND,GND99,1,GND,,1,0
GND,IC1,G$1,EP,73,1,0
GND,J1,G$1,2,2,1,0
GND,J1,G$1,3,3,1,0
GND,J1,G$1,4,4,1,0
GND,J1,G$1,5,5,1,0
GND,J10,G$1,2,2,1,0
GND,J10,G$1,3,3,1,0
GND,J10,G$1,4,4,1,0
GND,J10,G$1,5,5,1,0
GND,J11,G$1,2,2,1,0
GND,J11,G$1,3,3,1,0
GND,J11,G$1,4,4,1,0
GND,J11,G$1,5,5,1,0
GND,J12,G$1,2,2,1,0
GND,J12,G$1,3,3,1,0
GND,J12,G$1,4,4,1,0
GND,J12,G$1,5,5,1,0
GND,J13,G$1,2,2,1,0
GND,J13,G$1,3,3,1,0
GND,J13,G$1,4,4,1,0
GND,J13,G$1,5,5,1,0
GND,J2,G$1,2,2,1,0
GND,J2,G$1,3,3,1,0
GND,J2,G$1,4,4,1,0
GND,J2,G$1,5,5,1,0
GND,J5,G$1,2,2,1,0
GND,J5,G$1,3,3,1,0
GND,J5,G$1,4,4,1,0
GND,J5,G$1,5,5,1,0
GND,J6,G$1,2,2,1,0
GND,J6,G$1,3,3,1,0
GND,J6,G$1,4,4,1,0
GND,J6,G$1,5,5,1,0
GND,J7,G$1,2,2,1,0
GND,J7,G$1,3,3,1,0
GND,J7,G$1,4,4,1,0
GND,J7,G$1,5,5,1,0
GND,J8,G$1,2,2,1,0
GND,J8,G$1,3,3,1,0
GND,J8,G$1,4,4,1,0
GND,J8,G$1,5,5,1,0
GND,J9,G$1,2,2,1,0
GND,J9,G$1,3,3,1,0
GND,J9,G$1,4,4,1,0
GND,J9,G$1,5,5,1,0
GND,JP1,A,12,12,1,0
GND,JP2,A,14,14,1,0
GND,R11,G$1,2,2,1,0
GND,R22,G$1,1,1,1,0
GND,R23,G$1,1,1,1,0
GND,R3,G$1,1,1,1,0
GND,R35,G$1,1,1,1,0
GND,R36,G$1,1,1,1,0
GND,R7,G$1,2,2,1,0
GND,R9,G$1,2,2,1,0
GND,U1,A,GND,52,1,0
GND,U1,A,GND_10,19,1,0
GND,U1,A,GND_11,21,1,0
GND,U1,A,GND_12,23,1,0
GND,U1,A,GND_13,25,1,0
GND,U1,A,GND_14,26,1,0
GND,U1,A,GND_15,41,1,0
GND,U1,A,GND_16,48,1,0
GND,U1,A,GND_17,49,1,0
GND,U1,A,GND_18,50,1,0
GND,U1,A,GND_19,51,1,0
GND,U1,A,GND_2,1,1,0
GND,U1,A,GND_3,2,1,0
GND,U1,A,GND_4,4,1,0
GND,U1,A,GND_5,10,1,0
GND,U1,A,GND_6,12,1,0
GND,U1,A,GND_7,14,1,0
GND,U1,A,GND_8,16,1,0
GND,U1,A,GND_9,18,1,0
GND,U10,A,GND,4,1,0
GND,U10,A,GND_2,3,1,0
GND,U2,A,EXTERNAL_GND,13,1,0
GND,U2,A,EXTERNAL_GND_2,1,1,0
GND,U2,A,EXTERNAL_GND_3,3,1,0
GND,U2,A,EXTERNAL_GND_4,6,1,0
GND,U2,A,EXTERNAL_GND_5,10,1,0
GND,U3,A,EXTERNAL_GND,13,1,0
GND,U3,A,EXTERNAL_GND_2,1,1,0
GND,U3,A,EXTERNAL_GND_3,3,1,0
GND,U3,A,EXTERNAL_GND_4,6,1,0
GND,U3,A,EXTERNAL_GND_5,10,1,0
GND,U4,A,GND,4,1,0
GND,U4,A,GND_2,3,1,0
GND,U5,A,GND,4,1,0
GND,U5,A,GND_2,3,1,0
GND,U6,A,GND,52,1,0
GND,U6,A,GND_10,19,1,0
GND,U6,A,GND_11,21,1,0
GND,U6,A,GND_12,23,1,0
GND,U6,A,GND_13,25,1,0
GND,U6,A,GND_14,26,1,0
GND,U6,A,GND_15,41,1,0
GND,U6,A,GND_16,48,1,0
GND,U6,A,GND_17,49,1,0
GND,U6,A,GND_18,50,1,0
GND,U6,A,GND_19,51,1,0
GND,U6,A,GND_2,1,1,0
GND,U6,A,GND_3,2,1,0
GND,U6,A,GND_4,4,1,0
GND,U6,A,GND_5,10,1,0
GND,U6,A,GND_6,12,1,0
GND,U6,A,GND_7,14,1,0
GND,U6,A,GND_8,16,1,0
GND,U6,A,GND_9,18,1,0
GND,U7,A,EXTERNAL_GND,13,1,0
GND,U7,A,EXTERNAL_GND_2,1,1,0
GND,U7,A,EXTERNAL_GND_3,3,1,0
GND,U7,A,EXTERNAL_GND_4,6,1,0
GND,U7,A,EXTERNAL_GND_5,10,1,0
GND,U8,A,GND,4,1,0
GND,U8,A,GND_2,3,1,0
GND,U9,A,EXTERNAL_GND,13,1,0
GND,U9,A,EXTERNAL_GND_2,1,1,0
GND,U9,A,EXTERNAL_GND_3,3,1,0
GND,U9,A,EXTERNAL_GND_4,6,1,0
GND,U9,A,EXTERNAL_GND_5,10,1,0
GND,X10,-2,S,2,1,0
GND,X11,-2,S,2,1,0
GND,X12,-2,S,2,1,0
GND,X13,-2,S,2,1,0
GND,X14,-2,S,2,1,0
GND,X15,-2,S,2,1,0
GND,X4,A,GROUND,5,1,0
GND,X5,A,GND,2,1,0
GND,X6,A,GND,2,1,0
N$1,R2,G$1,1,1,1,0
N$1,R3,G$1,2,2,1,0
N$1,X4,A,VOLTAGE_CONTROL,1,1,0
N$10,C9,G$1,2,2,1,0
N$10,IC1,G$1,LDO_VCO,14,1,0
N$10,R5,G$1,2,2,1,0
N$11,C10,G$1,2,2,1,0
N$11,IC1,G$1,LDO_PLL2,12,1,0
N$12,IC1,G$1,SCLK/SCL,21,1,0
N$12,R6,G$1,2,2,1,0
N$12,R7,G$1,1,1,1,0
N$13,IC1,G$1,SDIO/SDA,22,1,0
N$13,R8,G$1,2,2,1,0
N$13,R9,G$1,1,1,1,0
N$14,IC1,G$1,~CS,20,1,0
N$14,R10,G$1,2,2,1,0
N$14,R11,G$1,1,1,1,0
N$15,C11,G$1,1,1,1,0
N$15,R12,G$1,2,2,1,0
N$15,U1,A,REFN,43,1,0
N$16,C12,G$1,1,1,1,0
N$16,R12,G$1,1,1,1,0
N$16,U1,A,REFP,42,1,0
N$17,C61,G$1,1,1,1,0
N$17,R18,G$1,2,2,1,0
N$18,R14,G$1,1,1,1,0
N$18,U1,A,V5_VCO,9,1,0
N$19,FB2,G$1,2,2,1,0
N$19,R14,G$1,2,2,1,0
N$19,U1,A,V5_CAL,8,1,0
N$2,C2,G$1,1,1,1,0
N$2,R4,G$1,1,1,1,0
N$2,X6,A,VOLT_CONTROL,1,1,0
N$20,C59,G$1,2,2,1,0
N$20,FB3,G$1,1,1,1,0
N$20,U1,A,V5_CP,46,1,0
N$21,R19,G$1,1,1,1,0
N$21,R20,G$1,2,2,1,0
N$22,R15,G$1,1,1,1,0
N$22,U1,A,VTUNE,7,1,0
N$23,R15,G$1,2,2,1,0
N$23,R16,G$1,2,2,1,0
N$24,C60,G$1,1,1,1,0
N$24,R16,G$1,1,1,1,0
N$24,R17,G$1,2,2,1,0
N$25,R17,G$1,1,1,1,0
N$25,R18,G$1,1,1,1,0
N$25,R19,G$1,2,2,1,0
N$26,C62,G$1,1,1,1,0
N$26,R20,G$1,1,1,1,0
N$26,U1,A,CP,47,1,0
N$27,U2,A,PRIMARY_DOT,2,1,0
N$27,U4,A,INPUT,1,1,0
N$28,C65,G$1,2,2,1,0
N$28,U2,A,SECONDARY_DOT,7,1,0
N$29,IC1,G$1,REF_TEST,24,1,0
N$3,C3,G$1,2,2,1,0
N$3,IC1,G$1,LDO_PLL1,1,1,0
N$30,J10,G$1,1,1,1,0
N$30,U4,A,OUTPUT,2,1,0
N$31,C64,G$1,2,2,1,0
N$31,U2,A,SECONDARY,9,1,0
N$32,C67,G$1,2,2,1,0
N$32,U3,A,SECONDARY_DOT,7,1,0
N$33,C66,G$1,2,2,1,0
N$33,U3,A,SECONDARY,9,1,0
N$34,U3,A,PRIMARY_DOT,2,1,0
N$34,U5,A,INPUT,1,1,0
N$35,J1,G$1,1,1,1,0
N$35,U5,A,OUTPUT,2,1,0
N$36,D1,G$1,A,A,1,0
N$36,R21,G$1,1,1,1,0
N$37,J9,G$1,1,1,1,0
N$37,U1,A,MUXOUT,37,1,0
N$38,C68,G$1,1,1,1,0
N$38,R1,G$1,2,2,1,0
N$38,U6,A,REFN,43,1,0
N$39,C69,G$1,1,1,1,0
N$39,R1,G$1,1,1,1,0
N$39,U6,A,REFP,42,1,0
N$4,C6,G$1,2,2,1,0
N$4,IC1,G$1,LF1_EXT_CAP,7,1,0
N$40,R27,G$1,1,1,1,0
N$40,U6,A,V5_VCO,9,1,0
N$41,FB1,G$1,2,2,1,0
N$41,R27,G$1,2,2,1,0
N$41,U6,A,V5_CAL,8,1,0
N$42,C82,G$1,2,2,1,0
N$42,FB4,G$1,1,1,1,0
N$42,U6,A,V5_CP,46,1,0
N$43,C84,G$1,1,1,1,0
N$43,R31,G$1,2,2,1,0
N$44,R32,G$1,1,1,1,0
N$44,R33,G$1,2,2,1,0
N$45,R28,G$1,1,1,1,0
N$45,U6,A,VTUNE,7,1,0
N$46,R28,G$1,2,2,1,0
N$46,R29,G$1,2,2,1,0
N$47,C83,G$1,1,1,1,0
N$47,R29,G$1,1,1,1,0
N$47,R30,G$1,2,2,1,0
N$48,R30,G$1,1,1,1,0
N$48,R31,G$1,1,1,1,0
N$48,R32,G$1,2,2,1,0
N$49,C85,G$1,1,1,1,0
N$49,R33,G$1,1,1,1,0
N$49,U6,A,CP,47,1,0
N$5,C4,G$1,2,2,1,0
N$5,IC1,G$1,~REFA,4,1,0
N$50,D2,G$1,A,A,1,0
N$50,R34,G$1,1,1,1,0
N$51,J2,G$1,1,1,1,0
N$51,U6,A,MUXOUT,37,1,0
N$52,C88,G$1,2,2,1,0
N$52,U7,A,SECONDARY_DOT,7,1,0
N$53,C87,G$1,2,2,1,0
N$53,U7,A,SECONDARY,9,1,0
N$54,U7,A,PRIMARY_DOT,2,1,0
N$54,U8,A,INPUT,1,1,0
N$55,J11,G$1,1,1,1,0
N$55,U8,A,OUTPUT,2,1,0
N$56,C91,G$1,2,2,1,0
N$56,U9,A,SECONDARY_DOT,7,1,0
N$57,C90,G$1,2,2,1,0
N$57,U9,A,SECONDARY,9,1,0
N$58,U10,A,INPUT,1,1,0
N$58,U9,A,PRIMARY_DOT,2,1,0
N$59,J12,G$1,1,1,1,0
N$59,U10,A,OUTPUT,2,1,0
N$6,C5,G$1,2,2,1,0
N$6,IC1,G$1,~REFB,6,1,0
N$60,C92,G$1,1,1,1,0
N$60,IC1,G$1,~PLL_OUT,72,1,0
N$61,C92,G$1,2,2,1,0
N$61,J13,G$1,1,1,1,0
N$62,IC1,G$1,OUT6,47,1,0
N$62,R39,G$1,1,1,1,0
N$63,C15,G$1,1,1,1,0
N$63,R39,G$1,2,2,1,0
N$64,C17,G$1,2,2,1,0
N$64,J5,G$1,1,1,1,0
N$65,C17,G$1,1,1,1,0
N$65,R40,G$1,2,2,1,0
N$67,C19,G$1,2,2,1,0
N$67,J6,G$1,1,1,1,0
N$68,C19,G$1,1,1,1,0
N$68,R41,G$1,2,2,1,0
N$69,C21,G$1,1,1,1,0
N$69,L9,G$1,2,2,1,0
N$69,X10,-1,S,1,1,0
N$7,C7,G$1,2,2,1,0
N$7,IC1,G$1,~OSC_IN,10,1,0
N$71,C25,G$1,1,1,1,0
N$71,L10,G$1,2,2,1,0
N$71,X11,-1,S,1,1,0
N$73,C29,G$1,1,1,1,0
N$73,L11,G$1,2,2,1,0
N$73,X12,-1,S,1,1,0
N$75,C33,G$1,1,1,1,0
N$75,L12,G$1,2,2,1,0
N$75,X13,-1,S,1,1,0
N$77,C46,G$1,1,1,1,0
N$77,L13,G$1,2,2,1,0
N$77,X14,-1,S,1,1,0
N$8,C8,G$1,2,2,1,0
N$8,IC1,G$1,LF2_EXT_CAP,11,1,0
N$9,C8,G$1,1,1,1,0
N$9,R5,G$1,1,1,1,0
OSC_CTRL,IC1,G$1,OSC_CTRL,8,1,0
OSC_CTRL,R4,G$1,2,2,1,0
RX_RFOUT_1_N,C87,G$1,1,1,1,1
RX_RFOUT_1_N,L5,G$1,2,2,1,1
RX_RFOUT_1_N,U6,A,RFOUT1N,20,1,1
RX_RFOUT_1_P,C88,G$1,1,1,1,1
RX_RFOUT_1_P,L6,G$1,1,1,1,1
RX_RFOUT_1_P,U6,A,RFOUT1P,22,1,1
RX_RFOUT_2_N,C90,G$1,1,1,1,1
RX_RFOUT_2_N,L7,G$1,2,2,1,1
RX_RFOUT_2_N,U6,A,RFOUT2N,15,1,1
RX_RFOUT_2_P,C91,G$1,1,1,1,1
RX_RFOUT_2_P,L8,G$1,1,1,1,1
RX_RFOUT_2_P,U6,A,RFOUT2P,17,1,1
TX_RFOUT_1_N,C64,G$1,1,1,1,1
TX_RFOUT_1_N,L2,G$1,2,2,1,1
TX_RFOUT_1_N,U1,A,RFOUT1N,20,1,1
TX_RFOUT_1_P,C65,G$1,1,1,1,1
TX_RFOUT_1_P,L3,G$1,1,1,1,1
TX_RFOUT_1_P,U1,A,RFOUT1P,22,1,1
TX_RFOUT_2_N,C66,G$1,1,1,1,1
TX_RFOUT_2_N,L1,G$1,2,2,1,1
TX_RFOUT_2_N,U1,A,RFOUT2N,15,1,1
TX_RFOUT_2_P,C67,G$1,1,1,1,1
TX_RFOUT_2_P,L4,G$1,1,1,1,1
TX_RFOUT_2_P,U1,A,RFOUT2P,17,1,1
VCXO_OUT,IC1,G$1,OSC_IN,9,1,0
VCXO_OUT,X6,A,OUT,3,1,0
