part,value,deviceset,device,package,gate,pin,pad,net,sheet
C1,0.1µF,C-EU,C0805,C0805,G$1,1,1,N$2,1
C1,0.1µF,C-EU,C0805,C0805,G$1,2,2,N$1,1
C2,22µF,C-EU,C0603,C0603,G$1,1,1,+1V0_FPGA,1
C2,22µF,C-EU,C0603,C0603,G$1,2,2,GND,1
C3,22µF,C-EU,C0603,C0603,G$1,1,1,+1V0_FPGA,1
C3,22µF,C-EU,C0603,C0603,G$1,2,2,GND,1
C4,10µF,C-EU,C0805,C0805,G$1,1,1,VIN,1
C4,10µF,C-EU,C0805,C0805,G$1,2,2,GND,1
C5,10µF,C-EU,C0805,C0805,G$1,1,1,VIN,1
C5,10µF,C-EU,C0805,C0805,G$1,2,2,GND,1
C6,0.1µF,C-EU,C0805,C0805,G$1,1,1,N$5,1
C6,0.1µF,C-EU,C0805,C0805,G$1,2,2,N$3,1
C7,22µF,C-EU,C0603,C0603,G$1,1,1,+1V8_FPGA,1
C7,22µF,C-EU,C0603,C0603,G$1,2,2,GND,1
C8,22µF,C-EU,C0603,C0603,G$1,1,1,+1V8_FPGA,1
C8,22µF,C-EU,C0603,C0603,G$1,2,2,GND,1
C9,10µF,C-EU,C0805,C0805,G$1,1,1,VIN,1
C9,10µF,C-EU,C0805,C0805,G$1,2,2,GND,1
C10,10µF,C-EU,C0805,C0805,G$1,1,1,VIN,1
C10,10µF,C-EU,C0805,C0805,G$1,2,2,GND,1
C11,22µF,C-EU,C0603,C0603,G$1,1,1,+1V8_FPGA,1
C11,22µF,C-EU,C0603,C0603,G$1,2,2,GND,1
C12,0.1µF,C-EU,C0805,C0805,G$1,1,1,N$8,1
C12,0.1µF,C-EU,C0805,C0805,G$1,2,2,N$7,1
C13,22µF,C-EU,C0603,C0603,G$1,1,1,+3V3,1
C13,22µF,C-EU,C0603,C0603,G$1,2,2,GND,1
C14,22µF,C-EU,C0603,C0603,G$1,1,1,+3V3,1
C14,22µF,C-EU,C0603,C0603,G$1,2,2,GND,1
C15,10µF,C-EU,C0805,C0805,G$1,1,1,VIN,1
C15,10µF,C-EU,C0805,C0805,G$1,2,2,GND,1
C16,10µF,C-EU,C0805,C0805,G$1,1,1,VIN,1
C16,10µF,C-EU,C0805,C0805,G$1,2,2,GND,1
C17,22µF,C-EU,C0603,C0603,G$1,1,1,+3V3,1
C17,22µF,C-EU,C0603,C0603,G$1,2,2,GND,1
C18,0.1µF,C-EU,C0805,C0805,G$1,1,1,N$11,1
C18,0.1µF,C-EU,C0805,C0805,G$1,2,2,N$10,1
C19,22µF,C-EU,C0603,C0603,G$1,1,1,+3V3_FPGA,1
C19,22µF,C-EU,C0603,C0603,G$1,2,2,GND,1
C20,22µF,C-EU,C0603,C0603,G$1,1,1,+3V3_FPGA,1
C20,22µF,C-EU,C0603,C0603,G$1,2,2,GND,1
C21,10µF,C-EU,C0805,C0805,G$1,1,1,VIN,1
C21,10µF,C-EU,C0805,C0805,G$1,2,2,GND,1
C22,10µF,C-EU,C0805,C0805,G$1,1,1,VIN,1
C22,10µF,C-EU,C0805,C0805,G$1,2,2,GND,1
C23,22µF,C-EU,C0603,C0603,G$1,1,1,+3V3_FPGA,1
C23,22µF,C-EU,C0603,C0603,G$1,2,2,GND,1
C24,10µF,C-EU,C0805,C0805,G$1,1,1,GND,1
C24,10µF,C-EU,C0805,C0805,G$1,2,2,N$13,1
C25,10µF,C-EU,C0805,C0805,G$1,1,1,GND,1
C25,10µF,C-EU,C0805,C0805,G$1,2,2,+3V3_AN,1
C26,1µF,C-EU,C0805,C0805,G$1,1,1,GND,1
C26,1µF,C-EU,C0805,C0805,G$1,2,2,N$15,1
C27,1µF,C-EU,C0805,C0805,G$1,1,1,GND,1
C27,1µF,C-EU,C0805,C0805,G$1,2,2,N$27,1
C28,10µF,C-EU,C0805,C0805,G$1,1,1,GND,1
C28,10µF,C-EU,C0805,C0805,G$1,2,2,+5V0_0,1
C29,0.1µF,C-EU,C0805,C0805,G$1,1,1,N$64,1
C29,0.1µF,C-EU,C0805,C0805,G$1,2,2,N$26,1
C30,0.1µF,C-EU,C0805,C0805,G$1,1,1,N$17,1
C30,0.1µF,C-EU,C0805,C0805,G$1,2,2,N$16,1
C31,22µF,C-EU,C0603,C0603,G$1,1,1,+3V3_ADAR_12,1
C31,22µF,C-EU,C0603,C0603,G$1,2,2,GND,1
C32,22µF,C-EU,C0603,C0603,G$1,1,1,+3V3_ADAR_12,1
C32,22µF,C-EU,C0603,C0603,G$1,2,2,GND,1
C33,10µF,C-EU,C0805,C0805,G$1,1,1,VIN,1
C33,10µF,C-EU,C0805,C0805,G$1,2,2,GND,1
C34,10µF,C-EU,C0805,C0805,G$1,1,1,VIN,1
C34,10µF,C-EU,C0805,C0805,G$1,2,2,GND,1
C35,22µF,C-EU,C0603,C0603,G$1,1,1,+3V3_ADAR_12,1
C35,22µF,C-EU,C0603,C0603,G$1,2,2,GND,1
C36,0.1µF,C-EU,C0805,C0805,G$1,1,1,N$20,1
C36,0.1µF,C-EU,C0805,C0805,G$1,2,2,N$19,1
C37,22µF,C-EU,C0603,C0603,G$1,1,1,+3V3_ADAR_34,1
C37,22µF,C-EU,C0603,C0603,G$1,2,2,GND,1
C38,22µF,C-EU,C0603,C0603,G$1,1,1,+3V3_ADAR_34,1
C38,22µF,C-EU,C0603,C0603,G$1,2,2,GND,1
C39,10µF,C-EU,C0805,C0805,G$1,1,1,VIN,1
C39,10µF,C-EU,C0805,C0805,G$1,2,2,GND,1
C40,10µF,C-EU,C0805,C0805,G$1,1,1,VIN,1
C40,10µF,C-EU,C0805,C0805,G$1,2,2,GND,1
C41,22µF,C-EU,C0603,C0603,G$1,1,1,+3V3_ADAR_34,1
C41,22µF,C-EU,C0603,C0603,G$1,2,2,GND,1
C42,0.1µF,C-EU,C0805,C0805,G$1,1,1,N$23,1
C42,0.1µF,C-EU,C0805,C0805,G$1,2,2,N$22,1
C43,22µF,C-EU,C0603,C0603,G$1,1,1,+3V3_VDD_SW,1
C43,22µF,C-EU,C0603,C0603,G$1,2,2,GND,1
C44,22µF,C-EU,C0603,C0603,G$1,1,1,+3V3_VDD_SW,1
C44,22µF,C-EU,C0603,C0603,G$1,2,2,GND,1
C45,10µF,C-EU,C0805,C0805,G$1,1,1,VIN,1
C45,10µF,C-EU,C0805,C0805,G$1,2,2,GND,1
C46,10µF,C-EU,C0805,C0805,G$1,1,1,VIN,1
C46,10µF,C-EU,C0805,C0805,G$1,2,2,GND,1
C47,22µF,C-EU,C0603,C0603,G$1,1,1,+3V3_VDD_SW,1
C47,22µF,C-EU,C0603,C0603,G$1,2,2,GND,1
C48,22µF,C-EU,C0603,C0603,G$1,1,1,+5V0_1,1
C48,22µF,C-EU,C0603,C0603,G$1,2,2,GND,1
C49,22µF,C-EU,C0603,C0603,G$1,1,1,+5V0_1,1
C49,22µF,C-EU,C0603,C0603,G$1,2,2,GND,1
C50,10µF,C-EU,C0805,C0805,G$1,1,1,VIN,1
C50,10µF,C-EU,C0805,C0805,G$1,2,2,GND,1
C51,10µF,C-EU,C0805,C0805,G$1,1,1,VIN,1
C51,10µF,C-EU,C0805,C0805,G$1,2,2,GND,1
C52,10µF,C-EU,C0805,C0805,G$1,1,1,GND,1
C52,10µF,C-EU,C0805,C0805,G$1,2,2,N$66,1
C53,10µF,C-EU,C0805,C0805,G$1,1,1,GND,1
C53,10µF,C-EU,C0805,C0805,G$1,2,2,+3V3_CLOCK,1
C54,0.1µF,C-EU,C0805,C0805,G$1,1,1,N$29,1
C54,0.1µF,C-EU,C0805,C0805,G$1,2,2,N$28,1
C55,22µF,C-EU,C0603,C0603,G$1,1,1,+3V3_SW,1
C55,22µF,C-EU,C0603,C0603,G$1,2,2,GND,1
C56,22µF,C-EU,C0603,C0603,G$1,1,1,+3V3_SW,1
C56,22µF,C-EU,C0603,C0603,G$1,2,2,GND,1
C57,10µF,C-EU,C0805,C0805,G$1,1,1,VIN,1
C57,10µF,C-EU,C0805,C0805,G$1,2,2,GND,1
C58,10µF,C-EU,C0805,C0805,G$1,1,1,VIN,1
C58,10µF,C-EU,C0805,C0805,G$1,2,2,GND,1
C59,22µF,C-EU,C0603,C0603,G$1,1,1,+3V3_SW,1
C59,22µF,C-EU,C0603,C0603,G$1,2,2,GND,1
C60,0.1µF,C-EU,C0805,C0805,G$1,1,1,N$32,1
C60,0.1µF,C-EU,C0805,C0805,G$1,2,2,N$31,1
C61,22µF,C-EU,C0603,C0603,G$1,1,1,+3V4,1
C61,22µF,C-EU,C0603,C0603,G$1,2,2,GND,1
C62,22µF,C-EU,C0603,C0603,G$1,1,1,+3V4,1
C62,22µF,C-EU,C0603,C0603,G$1,2,2,GND,1
C63,10µF,C-EU,C0805,C0805,G$1,1,1,VIN,1
C63,10µF,C-EU,C0805,C0805,G$1,2,2,GND,1
C64,10µF,C-EU,C0805,C0805,G$1,1,1,VIN,1
C64,10µF,C-EU,C0805,C0805,G$1,2,2,GND,1
C65,22µF,C-EU,C0603,C0603,G$1,1,1,+3V4,1
C65,22µF,C-EU,C0603,C0603,G$1,2,2,GND,1
C66,0.1µF,C-EU,C0805,C0805,G$1,1,1,N$35,1
C66,0.1µF,C-EU,C0805,C0805,G$1,2,2,N$34,1
C67,22µF,C-EU,C0603,C0603,G$1,1,1,+5V0_0,1
C67,22µF,C-EU,C0603,C0603,G$1,2,2,GND,1
C68,22µF,C-EU,C0603,C0603,G$1,1,1,+5V0_0,1
C68,22µF,C-EU,C0603,C0603,G$1,2,2,GND,1
C69,10µF,C-EU,C0805,C0805,G$1,1,1,VIN,1
C69,10µF,C-EU,C0805,C0805,G$1,2,2,GND,1
C70,10µF,C-EU,C0805,C0805,G$1,1,1,VIN,1
C70,10µF,C-EU,C0805,C0805,G$1,2,2,GND,1
C71,0.1µF,C-EU,C0805,C0805,G$1,1,1,N$38,1
C71,0.1µF,C-EU,C0805,C0805,G$1,2,2,N$37,1
C72,22µF,C-EU,C0603,C0603,G$1,1,1,+5V0_ADAR,1
C72,22µF,C-EU,C0603,C0603,G$1,2,2,GND,1
C73,22µF,C-EU,C0603,C0603,G$1,1,1,+5V0_ADAR,1
C73,22µF,C-EU,C0603,C0603,G$1,2,2,GND,1
C74,10µF,C-EU,C0805,C0805,G$1,1,1,VIN,1
C74,10µF,C-EU,C0805,C0805,G$1,2,2,GND,1
C75,10µF,C-EU,C0805,C0805,G$1,1,1,VIN,1
C75,10µF,C-EU,C0805,C0805,G$1,2,2,GND,1
C76,0.1µF,C-EU,C0805,C0805,G$1,1,1,N$50,1
C76,0.1µF,C-EU,C0805,C0805,G$1,2,2,N$49,1
C77,0.1µF,C-EU,C0805,C0805,G$1,1,1,N$41,1
C77,0.1µF,C-EU,C0805,C0805,G$1,2,2,N$40,1
C78,22µF,C-EU,C0603,C0603,G$1,1,1,+5V0_PA_1,1
C78,22µF,C-EU,C0603,C0603,G$1,2,2,GND,1
C79,22µF,C-EU,C0603,C0603,G$1,1,1,+5V0_PA_1,1
C79,22µF,C-EU,C0603,C0603,G$1,2,2,GND,1
C80,10µF,C-EU,C0805,C0805,G$1,1,1,VIN,1
C80,10µF,C-EU,C0805,C0805,G$1,2,2,GND,1
C81,10µF,C-EU,C0805,C0805,G$1,1,1,VIN,1
C81,10µF,C-EU,C0805,C0805,G$1,2,2,GND,1
C82,22µF,C-EU,C0603,C0603,G$1,1,1,+5V5_PA,1
C82,22µF,C-EU,C0603,C0603,G$1,2,2,GND,1
C83,0.1µF,C-EU,C0805,C0805,G$1,1,1,N$44,1
C83,0.1µF,C-EU,C0805,C0805,G$1,2,2,N$43,1
C84,22µF,C-EU,C0603,C0603,G$1,1,1,+5V0_PA_2,1
C84,22µF,C-EU,C0603,C0603,G$1,2,2,GND,1
C85,22µF,C-EU,C0603,C0603,G$1,1,1,+5V0_PA_2,1
C85,22µF,C-EU,C0603,C0603,G$1,2,2,GND,1
C86,10µF,C-EU,C0805,C0805,G$1,1,1,VIN,1
C86,10µF,C-EU,C0805,C0805,G$1,2,2,GND,1
C87,10µF,C-EU,C0805,C0805,G$1,1,1,VIN,1
C87,10µF,C-EU,C0805,C0805,G$1,2,2,GND,1
C88,22µF,C-EU,C0603,C0603,G$1,1,1,+5V5_PA,1
C88,22µF,C-EU,C0603,C0603,G$1,2,2,GND,1
C89,0.1µF,C-EU,C0805,C0805,G$1,1,1,N$47,1
C89,0.1µF,C-EU,C0805,C0805,G$1,2,2,N$46,1
C90,22µF,C-EU,C0603,C0603,G$1,1,1,+5V0_PA_3,1
C90,22µF,C-EU,C0603,C0603,G$1,2,2,GND,1
C91,22µF,C-EU,C0603,C0603,G$1,1,1,+5V0_PA_3,1
C91,22µF,C-EU,C0603,C0603,G$1,2,2,GND,1
C92,10µF,C-EU,C0805,C0805,G$1,1,1,VIN,1
C92,10µF,C-EU,C0805,C0805,G$1,2,2,GND,1
C93,10µF,C-EU,C0805,C0805,G$1,1,1,VIN,1
C93,10µF,C-EU,C0805,C0805,G$1,2,2,GND,1
C94,10µF,C-EU,C0805,C0805,G$1,1,1,VIN,1
C94,10µF,C-EU,C0805,C0805,G$1,2,2,GND,1
C95,10µF,C-EU,C0805,C0805,G$1,1,1,VIN,1
C95,10µF,C-EU,C0805,C0805,G$1,2,2,GND,1
C96,,T521W476M020ATE045,,T521W,G$1,+,1,N$54,1
C96,,T521W476M020ATE045,,T521W,G$1,-,2,N$55,1
C97,,T521W476M020ATE045,,T521W,G$1,+,1,GND,1
C97,,T521W476M020ATE045,,T521W,G$1,-,2,-3V3_SW,1
C98,,T521W476M020ATE045,,T521W,G$1,+,1,N$52,1
C98,,T521W476M020ATE045,,T521W,G$1,-,2,N$53,1
C99,,T521W476M020ATE045,,T521W,G$1,+,1,GND,1
C99,,T521W476M020ATE045,,T521W,G$1,-,2,-3V4,1
C100,,T521W476M020ATE045,,T521W,G$1,+,1,N$56,1
C100,,T521W476M020ATE045,,T521W,G$1,-,2,N$57,1
C101,,T521W476M020ATE045,,T521W,G$1,+,1,GND,1
C101,,T521W476M020ATE045,,T521W,G$1,-,2,-5V0_ADAR12,1
C102,,T521W476M020ATE045,,T521W,G$1,+,1,N$58,1
C102,,T521W476M020ATE045,,T521W,G$1,-,2,N$59,1
C103,,T521W476M020ATE045,,T521W,G$1,+,1,GND,1
C103,,T521W476M020ATE045,,T521W,G$1,-,2,-5V0_ADAR34,1
C104,,T521W476M020ATE045,,T521W,G$1,+,1,N$60,1
C104,,T521W476M020ATE045,,T521W,G$1,-,2,N$61,1
C105,,T521W476M020ATE045,,T521W,G$1,+,1,GND,1
C105,,T521W476M020ATE045,,T521W,G$1,-,2,-5V5_PA,1
C106,1µF,C-EU,C0805,C0805,G$1,1,1,GND,1
C106,1µF,C-EU,C0805,C0805,G$1,2,2,N$68,1
C107,1µF,C-EU,C0805,C0805,G$1,1,1,GND,1
C107,1µF,C-EU,C0805,C0805,G$1,2,2,N$70,1
C108,10µF,C-EU,C0805,C0805,G$1,1,1,GND,1
C108,10µF,C-EU,C0805,C0805,G$1,2,2,+5V0_1,1
C109,0.1µF,C-EU,C0805,C0805,G$1,1,1,N$74,1
C109,0.1µF,C-EU,C0805,C0805,G$1,2,2,N$73,1
C110,22µF,C-EU,C0603,C0603,G$1,1,1,+5V0_2,1
C110,22µF,C-EU,C0603,C0603,G$1,2,2,GND,1
C111,22µF,C-EU,C0603,C0603,G$1,1,1,+5V0_2,1
C111,22µF,C-EU,C0603,C0603,G$1,2,2,GND,1
C112,10µF,C-EU,C0805,C0805,G$1,1,1,VIN,1
C112,10µF,C-EU,C0805,C0805,G$1,2,2,GND,1
C113,10µF,C-EU,C0805,C0805,G$1,1,1,VIN,1
C113,10µF,C-EU,C0805,C0805,G$1,2,2,GND,1
C114,10µF,C-EU,C0805,C0805,G$1,1,1,GND,1
C114,10µF,C-EU,C0805,C0805,G$1,2,2,N$76,1
C115,10µF,C-EU,C0805,C0805,G$1,1,1,GND,1
C115,10µF,C-EU,C0805,C0805,G$1,2,2,+1V8_CLOCK,1
C116,1µF,C-EU,C0805,C0805,G$1,1,1,GND,1
C116,1µF,C-EU,C0805,C0805,G$1,2,2,N$78,1
C117,1µF,C-EU,C0805,C0805,G$1,1,1,GND,1
C117,1µF,C-EU,C0805,C0805,G$1,2,2,N$80,1
C118,10µF,C-EU,C0805,C0805,G$1,1,1,GND,1
C118,10µF,C-EU,C0805,C0805,G$1,2,2,+5V0_2,1
C119,0.1µF,C-EU,C0805,C0805,G$1,1,1,N$84,1
C119,0.1µF,C-EU,C0805,C0805,G$1,2,2,N$83,1
C120,22µF,C-EU,C0603,C0603,G$1,1,1,+5V0_3,1
C120,22µF,C-EU,C0603,C0603,G$1,2,2,GND,1
C121,22µF,C-EU,C0603,C0603,G$1,1,1,+5V0_3,1
C121,22µF,C-EU,C0603,C0603,G$1,2,2,GND,1
C122,10µF,C-EU,C0805,C0805,G$1,1,1,VIN,1
C122,10µF,C-EU,C0805,C0805,G$1,2,2,GND,1
C123,10µF,C-EU,C0805,C0805,G$1,1,1,VIN,1
C123,10µF,C-EU,C0805,C0805,G$1,2,2,GND,1
C124,10µF,C-EU,C0805,C0805,G$1,1,1,GND,1
C124,10µF,C-EU,C0805,C0805,G$1,2,2,N$86,1
C125,10µF,C-EU,C0805,C0805,G$1,1,1,GND,1
C125,10µF,C-EU,C0805,C0805,G$1,2,2,+3V3_LO_1,1
C126,1µF,C-EU,C0805,C0805,G$1,1,1,GND,1
C126,1µF,C-EU,C0805,C0805,G$1,2,2,N$88,1
C127,1µF,C-EU,C0805,C0805,G$1,1,1,GND,1
C127,1µF,C-EU,C0805,C0805,G$1,2,2,N$90,1
C128,10µF,C-EU,C0805,C0805,G$1,1,1,GND,1
C128,10µF,C-EU,C0805,C0805,G$1,2,2,+5V0_3,1
C129,0.1µF,C-EU,C0805,C0805,G$1,1,1,N$94,1
C129,0.1µF,C-EU,C0805,C0805,G$1,2,2,N$93,1
C130,22µF,C-EU,C0603,C0603,G$1,1,1,+5V0_4,1
C130,22µF,C-EU,C0603,C0603,G$1,2,2,GND,1
C131,22µF,C-EU,C0603,C0603,G$1,1,1,+5V0_4,1
C131,22µF,C-EU,C0603,C0603,G$1,2,2,GND,1
C132,10µF,C-EU,C0805,C0805,G$1,1,1,VIN,1
C132,10µF,C-EU,C0805,C0805,G$1,2,2,GND,1
C133,10µF,C-EU,C0805,C0805,G$1,1,1,VIN,1
C133,10µF,C-EU,C0805,C0805,G$1,2,2,GND,1
C134,10µF,C-EU,C0805,C0805,G$1,1,1,GND,1
C134,10µF,C-EU,C0805,C0805,G$1,2,2,N$96,1
C135,10µF,C-EU,C0805,C0805,G$1,1,1,GND,1
C135,10µF,C-EU,C0805,C0805,G$1,2,2,+3V3_LO_2,1
C136,1µF,C-EU,C0805,C0805,G$1,1,1,GND,1
C136,1µF,C-EU,C0805,C0805,G$1,2,2,N$98,1
C137,1µF,C-EU,C0805,C0805,G$1,1,1,GND,1
C137,1µF,C-EU,C0805,C0805,G$1,2,2,N$100,1
C138,10µF,C-EU,C0805,C0805,G$1,1,1,GND,1
C138,10µF,C-EU,C0805,C0805,G$1,2,2,+5V0_4,1
C139,10µF,C-EU,C0805,C0805,G$1,1,1,GND,1
C139,10µF,C-EU,C0805,C0805,G$1,2,2,N$14,1
C140,10µF,C-EU,C0805,C0805,G$1,1,1,GND,1
C140,10µF,C-EU,C0805,C0805,G$1,2,2,+5V0_LO,1
C141,1µF,C-EU,C0805,C0805,G$1,1,1,GND,1
C141,1µF,C-EU,C0805,C0805,G$1,2,2,N$62,1
C142,1µF,C-EU,C0805,C0805,G$1,1,1,GND,1
C142,1µF,C-EU,C0805,C0805,G$1,2,2,N$67,1
C143,10µF,C-EU,C0805,C0805,G$1,1,1,GND,1
C143,10µF,C-EU,C0805,C0805,G$1,2,2,VIN,1
C144,0.1µF,C-EU,C0805,C0805,G$1,1,1,N$72,1
C144,0.1µF,C-EU,C0805,C0805,G$1,2,2,N$71,1
C145,22µF,C-EU,C0603,C0603,G$1,1,1,+5V0_ADTR,1
C145,22µF,C-EU,C0603,C0603,G$1,2,2,GND,1
C146,22µF,C-EU,C0603,C0603,G$1,1,1,+5V0_ADTR,1
C146,22µF,C-EU,C0603,C0603,G$1,2,2,GND,1
C147,10µF,C-EU,C0805,C0805,G$1,1,1,VIN,1
C147,10µF,C-EU,C0805,C0805,G$1,2,2,GND,1
C148,10µF,C-EU,C0805,C0805,G$1,1,1,VIN,1
C148,10µF,C-EU,C0805,C0805,G$1,2,2,GND,1
C149,22µF,C-EU,C0603,C0603,G$1,1,1,+3V3_ADTR,1
C149,22µF,C-EU,C0603,C0603,G$1,2,2,GND,1
C150,10nF,C-EU,C0603,C0603,G$1,1,1,N$82,1
C150,10nF,C-EU,C0603,C0603,G$1,2,2,N$91,1
C151,10µF,C-EU,C0603,C0603,G$1,1,1,N$92,1
C151,10µF,C-EU,C0603,C0603,G$1,2,2,GND,1
C152,10nF,C-EU,C0603,C0603,G$1,1,1,N$101,1
C152,10nF,C-EU,C0603,C0603,G$1,2,2,GND,1
C153,10µF,C-EU,C0603,C0603,G$1,1,1,+5V0_ADTR,1
C153,10µF,C-EU,C0603,C0603,G$1,2,2,GND,1
C154,0.1µF,C-EU,C0805,C0805,G$1,1,1,N$87,1
C154,0.1µF,C-EU,C0805,C0805,G$1,2,2,N$81,1
C155,22µF,C-EU,C0603,C0603,G$1,1,1,+5V0_5,1
C155,22µF,C-EU,C0603,C0603,G$1,2,2,GND,1
C156,22µF,C-EU,C0603,C0603,G$1,1,1,+5V0_5,1
C156,22µF,C-EU,C0603,C0603,G$1,2,2,GND,1
C157,10µF,C-EU,C0805,C0805,G$1,1,1,VIN,1
C157,10µF,C-EU,C0805,C0805,G$1,2,2,GND,1
C158,10µF,C-EU,C0805,C0805,G$1,1,1,VIN,1
C158,10µF,C-EU,C0805,C0805,G$1,2,2,GND,1
C159,22µF,C-EU,C0603,C0603,G$1,1,1,+3V3_XO,1
C159,22µF,C-EU,C0603,C0603,G$1,2,2,GND,1
C160,10nF,C-EU,C0603,C0603,G$1,1,1,N$102,1
C160,10nF,C-EU,C0603,C0603,G$1,2,2,N$103,1
C161,10µF,C-EU,C0603,C0603,G$1,1,1,N$104,1
C161,10µF,C-EU,C0603,C0603,G$1,2,2,GND,1
C162,10nF,C-EU,C0603,C0603,G$1,1,1,N$105,1
C162,10nF,C-EU,C0603,C0603,G$1,2,2,GND,1
C163,10µF,C-EU,C0603,C0603,G$1,1,1,+5V0_5,1
C163,10µF,C-EU,C0603,C0603,G$1,2,2,GND,1
GND1,,GND,,,1,GND,,GND,1
GND2,,GND,,,1,GND,,GND,1
GND3,,GND,,,1,GND,,GND,1
GND4,,GND,,,1,GND,,GND,1
GND5,,GND,,,1,GND,,GND,1
GND6,,GND,,,1,GND,,GND,1
GND7,,GND,,,1,GND,,GND,1
GND8,,GND,,,1,GND,,GND,1
GND9,,GND,,,1,GND,,GND,1
GND10,,GND,,,1,GND,,GND,1
GND11,,GND,,,1,GND,,GND,1
GND12,,GND,,,1,GND,,GND,1
GND13,,GND,,,1,GND,,GND,1
GND14,,GND,,,1,GND,,GND,1
GND15,,GND,,,1,GND,,GND,1
GND16,,GND,,,1,GND,,GND,1
GND17,,GND,,,1,GND,,GND,1
GND18,,GND,,,1,GND,,GND,1
GND19,,GND,,,1,GND,,GND,1
GND20,,GND,,,1,GND,,GND,1
GND21,,GND,,,1,GND,,GND,1
GND22,,GND,,,1,GND,,GND,1
GND23,,GND,,,1,GND,,GND,1
GND24,,GND,,,1,GND,,GND,1
GND25,,GND,,,1,GND,,GND,1
GND26,,GND,,,1,GND,,GND,1
GND27,,GND,,,1,GND,,GND,1
GND28,,GND,,,1,GND,,GND,1
GND29,,GND,,,1,GND,,GND,1
GND30,,GND,,,1,GND,,GND,1
GND31,,GND,,,1,GND,,GND,1
GND32,,GND,,,1,GND,,GND,1
GND33,,GND,,,1,GND,,GND,1
GND34,,GND,,,1,GND,,GND,1
GND35,,GND,,,1,GND,,GND,1
GND36,,GND,,,1,GND,,GND,1
GND37,,GND,,,1,GND,,GND,1
GND38,,GND,,,1,GND,,GND,1
GND39,,GND,,,1,GND,,GND,1
GND40,,GND,,,1,GND,,GND,1
GND41,,GND,,,1,GND,,GND,1
GND42,,GND,,,1,GND,,GND,1
GND43,,GND,,,1,GND,,GND,1
GND44,,GND,,,1,GND,,GND,1
GND45,,GND,,,1,GND,,GND,1
GND46,,GND,,,1,GND,,GND,1
GND47,,GND,,,1,GND,,GND,1
GND48,,GND,,,1,GND,,GND,1
GND49,,GND,,,1,GND,,GND,1
GND50,,GND,,,1,GND,,GND,1
GND51,,GND,,,1,GND,,GND,1
GND52,,GND,,,1,GND,,GND,1
GND53,,GND,,,1,GND,,GND,1
GND54,,GND,,,1,GND,,GND,1
GND55,,GND,,,1,GND,,GND,1
GND56,,GND,,,1,GND,,GND,1
GND57,,GND,,,1,GND,,GND,1
GND58,,GND,,,1,GND,,GND,1
GND59,,GND,,,1,GND,,GND,1
GND60,,GND,,,1,GND,,GND,1
GND61,,GND,,,1,GND,,GND,1
GND62,,GND,,,1,GND,,GND,1
GND63,,GND,,,1,GND,,GND,1
GND64,,GND,,,1,GND,,GND,1
GND65,,GND,,,1,GND,,GND,1
GND66,,GND,,,1,GND,,GND,1
GND67,,GND,,,1,GND,,GND,1
GND68,,GND,,,1,GND,,GND,1
GND69,,GND,,,1,GND,,GND,1
GND70,,GND,,,1,GND,,GND,1
GND71,,GND,,,1,GND,,GND,1
GND72,,GND,,,1,GND,,GND,1
GND73,,GND,,,1,GND,,GND,1
GND74,,GND,,,1,GND,,GND,1
GND75,,GND,,,1,GND,,GND,1
GND76,,GND,,,1,GND,,GND,1
GND77,,GND,,,1,GND,,GND,1
GND78,,GND,,,1,GND,,GND,1
GND79,,GND,,,1,GND,,GND,1
GND80,,GND,,,1,GND,,GND,1
GND81,,GND,,,1,GND,,GND,1
GND82,,GND,,,1,GND,,GND,1
GND83,,GND,,,1,GND,,GND,1
GND84,,GND,,,1,GND,,GND,1
GND85,,GND,,,1,GND,,GND,1
GND86,,GND,,,1,GND,,GND,1
GND87,,GND,,,1,GND,,GND,1
GND88,,GND,,,1,GND,,GND,1
GND89,,GND,,,1,GND,,GND,1
GND90,,GND,,,1,GND,,GND,1
GND91,,GND,,,1,GND,,GND,1
GND92,,GND,,,1,GND,,GND,1
GND93,,GND,,,1,GND,,GND,1
GND94,,GND,,,1,GND,,GND,1
GND95,,GND,,,1,GND,,GND,1
GND96,,GND,,,1,GND,,GND,1
GND97,,GND,,,1,GND,,GND,1
GND98,,GND,,,1,GND,,GND,1
GND99,,GND,,,1,GND,,GND,1
GND100,,GND,,,1,GND,,GND,1
GND101,,GND,,,1,GND,,GND,1
GND102,,GND,,,1,GND,,GND,1
GND103,,GND,,,1,GND,,GND,1
GND104,,GND,,,1,GND,,GND,1
GND105,,GND,,,1,GND,,GND,1
GND106,,GND,,,1,GND,,GND,1
GND107,,GND,,,1,GND,,GND,1
GND108,,GND,,,1,GND,,GND,1
GND109,,GND,,,1,GND,,GND,1
GND110,,GND,,,1,GND,,GND,1
GND111,,GND,,,1,GND,,GND,1
GND112,,GND,,,1,GND,,GND,1
GND113,,GND,,,1,GND,,GND,1
GND114,,GND,,,1,GND,,GND,1
GND115,,GND,,,1,GND,,GND,1
GND116,,GND,,,1,GND,,GND,1
GND117,,GND,,,1,GND,,GND,1
GND118,,GND,,,1,GND,,GND,1
GND119,,GND,,,1,GND,,GND,1
GND120,,GND,,,1,GND,,GND,1
GND121,,GND,,,1,GND,,GND,1
GND122,,GND,,,1,GND,,GND,1
GND123,,GND,,,1,GND,,GND,1
GND124,,GND,,,1,GND,,GND,1
GND125,,GND,,,1,GND,,GND,1
GND126,,GND,,,1,GND,,GND,1
GND127,,GND,,,1,GND,,GND,1
GND128,,GND,,,1,GND,,GND,1
GND129,,GND,,,1,GND,,GND,1
GND130,,GND,,,1,GND,,GND,1
GND131,,GND,,,1,GND,,GND,1
GND132,,GND,,,1,GND,,GND,1
GND133,,GND,,,1,GND,,GND,1
GND134,,GND,,,1,GND,,GND,1
GND135,,GND,,,1,GND,,GND,1
GND136,,GND,,,1,GND,,GND,1
GND137,,GND,,,1,GND,,GND,1
GND138,,GND,,,1,GND,,GND,1
GND139,,GND,,,1,GND,,GND,1
GND140,,GND,,,1,GND,,GND,1
GND141,,GND,,,1,GND,,GND,1
GND142,,GND,,,1,GND,,GND,1
GND143,,GND,,,1,GND,,GND,1
GND144,,GND,,,1,GND,,GND,1
GND145,,GND,,,1,GND,,GND,1
GND146,,GND,,,1,GND,,GND,1
GND147,,GND,,,1,GND,,GND,1
GND148,,GND,,,1,GND,,GND,1
GND149,,GND,,,1,GND,,GND,1
GND150,,GND,,,1,GND,,GND,1
GND151,,GND,,,1,GND,,GND,1
GND152,,GND,,,1,GND,,GND,1
GND153,,GND,,,1,GND,,GND,1
GND154,,GND,,,1,GND,,GND,1
GND155,,GND,,,1,GND,,GND,1
GND156,,GND,,,1,GND,,GND,1
GND157,,GND,,,1,GND,,GND,1
GND158,,GND,,,1,GND,,GND,1
GND159,,GND,,,1,GND,,GND,1
GND160,,GND,,,1,GND,,GND,1
GND161,,GND,,,1,GND,,GND,1
GND162,,GND,,,1,GND,,GND,1
GND163,,GND,,,1,GND,,GND,1
GND164,,GND,,,1,GND,,GND,1
GND165,,GND,,,1,GND,,GND,1
GND166,,GND,,,1,GND,,GND,1
GND167,,GND,,,1,GND,,GND,1
GND168,,GND,,,1,GND,,GND,1
GND169,,GND,,,1,GND,,GND,1
GND170,,GND,,,1,GND,,GND,1
GND171,,GND,,,1,GND,,GND,1
GND172,,GND,,,1,GND,,GND,1
GND173,,GND,,,1,GND,,GND,1
GND174,,GND,,,1,GND,,GND,1
GND175,,GND,,,1,GND,,GND,1
GND176,,GND,,,1,GND,,GND,1
GND177,,GND,,,1,GND,,GND,1
GND178,,GND,,,1,GND,,GND,1
GND179,,GND,,,1,GND,,GND,1
GND180,,GND,,,1,GND,,GND,1
GND181,,GND,,,1,GND,,GND,1
GND182,,GND,,,1,GND,,GND,1
GND183,,GND,,,1,GND,,GND,1
GND184,,GND,,,1,GND,,GND,1
GND185,,GND,,,1,GND,,GND,1
GND186,,GND,,,1,GND,,GND,1
GND187,,GND,,,1,GND,,GND,1
GND188,,GND,,,1,GND,,GND,1
GND189,,GND,,,1,GND,,GND,1
GND190,,GND,,,1,GND,,GND,1
GND191,,GND,,,1,GND,,GND,1
GND192,,GND,,,1,GND,,GND,1
GND193,,GND,,,1,GND,,GND,1
GND194,,GND,,,1,GND,,GND,1
GND195,,GND,,,1,GND,,GND,1
GND196,,GND,,,1,GND,,GND,1
GND197,,GND,,,1,GND,,GND,1
GND198,,GND,,,1,GND,,GND,1
GND199,,GND,,,1,GND,,GND,1
GND200,,GND,,,1,GND,,GND,1
GND201,,GND,,,1,GND,,GND,1
GND202,,GND,,,1,GND,,GND,1
GND203,,GND,,,1,GND,,GND,1
GND204,,GND,,,1,GND,,GND,1
GND205,,GND,,,1,GND,,GND,1
GND206,,GND,,,1,GND,,GND,1
GND207,,GND,,,1,GND,,GND,1
GND208,,GND,,,1,GND,,GND,1
GND209,,GND,,,1,GND,,GND,1
GND210,,GND,,,1,GND,,GND,1
GND211,,GND,,,1,GND,,GND,1
GND212,,GND,,,1,GND,,GND,1
GND213,,GND,,,1,GND,,GND,1
GND214,,GND,,,1,GND,,GND,1
GND215,,GND,,,1,GND,,GND,1
GND216,,GND,,,1,GND,,GND,1
GND217,,GND,,,1,GND,,GND,1
GND218,,GND,,,1,GND,,GND,1
GND219,,GND,,,1,GND,,GND,1
GND220,,GND,,,1,GND,,GND,1
GND221,,GND,,,1,GND,,GND,1
GND222,,GND,,,1,GND,,GND,1
GND223,,GND,,,1,GND,,GND,1
GND224,,GND,,,1,GND,,GND,1
GND225,,GND,,,1,GND,,GND,1
GND226,,GND,,,1,GND,,GND,1
GND227,,GND,,,1,GND,,GND,1
GND228,,GND,,,1,GND,,GND,1
GND229,,GND,,,1,GND,,GND,1
GND230,,GND,,,1,GND,,GND,1
GND231,,GND,,,1,GND,,GND,1
GND232,,GND,,,1,GND,,GND,1
GND233,,GND,,,1,GND,,GND,1
GND234,,GND,,,1,GND,,GND,1
GND235,,GND,,,1,GND,,GND,1
GND236,,GND,,,1,GND,,GND,1
GND237,,GND,,,1,GND,,GND,1
GND238,,GND,,,1,GND,,GND,1
GND239,,GND,,,1,GND,,GND,1
GND240,,GND,,,1,GND,,GND,1
GND241,,GND,,,1,GND,,GND,1
GND242,,GND,,,1,GND,,GND,1
GND243,,GND,,,1,GND,,GND,1
GND244,,GND,,,1,GND,,GND,1
GND245,,GND,,,1,GND,,GND,1
GND246,,GND,,,1,GND,,GND,1
GND247,,GND,,,1,GND,,GND,1
GND248,,GND,,,1,GND,,GND,1
GND249,,GND,,,1,GND,,GND,1
R1,3.09k,R-EU_,M0805,M0805,G$1,1,1,N$4,1
R1,3.09k,R-EU_,M0805,M0805,G$1,2,2,+1V0_FPGA,1
R2,10k,R-EU_,M0805,M0805,G$1,1,1,GND,1
R2,10k,R-EU_,M0805,M0805,G$1,2,2,N$4,1
R3,13.7k,R-EU_,M0805,M0805,G$1,1,1,N$6,1
R3,13.7k,R-EU_,M0805,M0805,G$1,2,2,+1V8_FPGA,1
R4,10k,R-EU_,M0805,M0805,G$1,1,1,GND,1
R4,10k,R-EU_,M0805,M0805,G$1,2,2,N$6,1
R5,32.2k,R-EU_,M0805,M0805,G$1,1,1,N$9,1
R5,32.2k,R-EU_,M0805,M0805,G$1,2,2,+3V3,1
R6,10k,R-EU_,M0805,M0805,G$1,1,1,GND,1
R6,10k,R-EU_,M0805,M0805,G$1,2,2,N$9,1
R7,32.2k,R-EU_,M0805,M0805,G$1,1,1,N$12,1
R7,32.2k,R-EU_,M0805,M0805,G$1,2,2,+3V3_FPGA,1
R8,10k,R-EU_,M0805,M0805,G$1,1,1,GND,1
R8,10k,R-EU_,M0805,M0805,G$1,2,2,N$12,1
R9,12k,R-EU_,M0805,M0805,G$1,1,1,N$25,1
R9,12k,R-EU_,M0805,M0805,G$1,2,2,N$27,1
R10,10k,R-EU_,M0805,M0805,G$1,1,1,GND,1
R10,10k,R-EU_,M0805,M0805,G$1,2,2,N$25,1
R11,32.2k,R-EU_,M0805,M0805,G$1,1,1,N$18,1
R11,32.2k,R-EU_,M0805,M0805,G$1,2,2,+3V3_ADAR_12,1
R12,10k,R-EU_,M0805,M0805,G$1,1,1,GND,1
R12,10k,R-EU_,M0805,M0805,G$1,2,2,N$18,1
R13,32.2k,R-EU_,M0805,M0805,G$1,1,1,N$21,1
R13,32.2k,R-EU_,M0805,M0805,G$1,2,2,+3V3_ADAR_34,1
R14,10k,R-EU_,M0805,M0805,G$1,1,1,GND,1
R14,10k,R-EU_,M0805,M0805,G$1,2,2,N$21,1
R15,32.2k,R-EU_,M0805,M0805,G$1,1,1,N$24,1
R15,32.2k,R-EU_,M0805,M0805,G$1,2,2,+3V3_VDD_SW,1
R16,10k,R-EU_,M0805,M0805,G$1,1,1,GND,1
R16,10k,R-EU_,M0805,M0805,G$1,2,2,N$24,1
R17,56.2k,R-EU_,M0805,M0805,G$1,1,1,N$65,1
R17,56.2k,R-EU_,M0805,M0805,G$1,2,2,+5V0_1,1
R18,10k,R-EU_,M0805,M0805,G$1,1,1,GND,1
R18,10k,R-EU_,M0805,M0805,G$1,2,2,N$65,1
R19,32.2k,R-EU_,M0805,M0805,G$1,1,1,N$30,1
R19,32.2k,R-EU_,M0805,M0805,G$1,2,2,+3V3_SW,1
R20,10k,R-EU_,M0805,M0805,G$1,1,1,GND,1
R20,10k,R-EU_,M0805,M0805,G$1,2,2,N$30,1
R21,34.8k,R-EU_,M0805,M0805,G$1,1,1,N$33,1
R21,34.8k,R-EU_,M0805,M0805,G$1,2,2,+3V4,1
R22,10k,R-EU_,M0805,M0805,G$1,1,1,GND,1
R22,10k,R-EU_,M0805,M0805,G$1,2,2,N$33,1
R23,56.2k,R-EU_,M0805,M0805,G$1,1,1,N$36,1
R23,56.2k,R-EU_,M0805,M0805,G$1,2,2,+5V0_0,1
R24,10k,R-EU_,M0805,M0805,G$1,1,1,GND,1
R24,10k,R-EU_,M0805,M0805,G$1,2,2,N$36,1
R25,56.2k,R-EU_,M0805,M0805,G$1,1,1,N$39,1
R25,56.2k,R-EU_,M0805,M0805,G$1,2,2,+5V0_ADAR,1
R26,10k,R-EU_,M0805,M0805,G$1,1,1,GND,1
R26,10k,R-EU_,M0805,M0805,G$1,2,2,N$39,1
R27,56.2k,R-EU_,M0805,M0805,G$1,1,1,N$42,1
R27,56.2k,R-EU_,M0805,M0805,G$1,2,2,+5V0_PA_1,1
R28,10k,R-EU_,M0805,M0805,G$1,1,1,GND,1
R28,10k,R-EU_,M0805,M0805,G$1,2,2,N$42,1
R29,56.2k,R-EU_,M0805,M0805,G$1,1,1,N$45,1
R29,56.2k,R-EU_,M0805,M0805,G$1,2,2,+5V0_PA_2,1
R30,10k,R-EU_,M0805,M0805,G$1,1,1,GND,1
R30,10k,R-EU_,M0805,M0805,G$1,2,2,N$45,1
R31,56.2k,R-EU_,M0805,M0805,G$1,1,1,N$48,1
R31,56.2k,R-EU_,M0805,M0805,G$1,2,2,+5V0_PA_3,1
R32,10k,R-EU_,M0805,M0805,G$1,1,1,GND,1
R32,10k,R-EU_,M0805,M0805,G$1,2,2,N$48,1
R33,61.9k,R-EU_,M0805,M0805,G$1,1,1,N$51,1
R33,61.9k,R-EU_,M0805,M0805,G$1,2,2,+5V5_PA,1
R34,10k,R-EU_,M0805,M0805,G$1,1,1,GND,1
R34,10k,R-EU_,M0805,M0805,G$1,2,2,N$51,1
R35,12k,R-EU_,M0805,M0805,G$1,1,1,N$69,1
R35,12k,R-EU_,M0805,M0805,G$1,2,2,N$70,1
R36,10k,R-EU_,M0805,M0805,G$1,1,1,GND,1
R36,10k,R-EU_,M0805,M0805,G$1,2,2,N$69,1
R37,56.2k,R-EU_,M0805,M0805,G$1,1,1,N$75,1
R37,56.2k,R-EU_,M0805,M0805,G$1,2,2,+5V0_2,1
R38,10k,R-EU_,M0805,M0805,G$1,1,1,GND,1
R38,10k,R-EU_,M0805,M0805,G$1,2,2,N$75,1
R39,2k,R-EU_,M0805,M0805,G$1,1,1,N$79,1
R39,2k,R-EU_,M0805,M0805,G$1,2,2,N$80,1
R40,10k,R-EU_,M0805,M0805,G$1,1,1,GND,1
R40,10k,R-EU_,M0805,M0805,G$1,2,2,N$79,1
R41,56.2k,R-EU_,M0805,M0805,G$1,1,1,N$85,1
R41,56.2k,R-EU_,M0805,M0805,G$1,2,2,+5V0_3,1
R42,10k,R-EU_,M0805,M0805,G$1,1,1,GND,1
R42,10k,R-EU_,M0805,M0805,G$1,2,2,N$85,1
R43,12k,R-EU_,M0805,M0805,G$1,1,1,N$89,1
R43,12k,R-EU_,M0805,M0805,G$1,2,2,N$90,1
R44,10k,R-EU_,M0805,M0805,G$1,1,1,GND,1
R44,10k,R-EU_,M0805,M0805,G$1,2,2,N$89,1
R45,56.2k,R-EU_,M0805,M0805,G$1,1,1,N$95,1
R45,56.2k,R-EU_,M0805,M0805,G$1,2,2,+5V0_4,1
R46,10k,R-EU_,M0805,M0805,G$1,1,1,GND,1
R46,10k,R-EU_,M0805,M0805,G$1,2,2,N$95,1
R47,12k,R-EU_,M0805,M0805,G$1,1,1,N$99,1
R47,12k,R-EU_,M0805,M0805,G$1,2,2,N$100,1
R48,10k,R-EU_,M0805,M0805,G$1,1,1,GND,1
R48,10k,R-EU_,M0805,M0805,G$1,2,2,N$99,1
R49,23.4k,R-EU_,M0805,M0805,G$1,1,1,N$63,1
R49,23.4k,R-EU_,M0805,M0805,G$1,2,2,N$67,1
R50,10k,R-EU_,M0805,M0805,G$1,1,1,GND,1
R50,10k,R-EU_,M0805,M0805,G$1,2,2,N$63,1
R51,56.2k,R-EU_,M0805,M0805,G$1,1,1,N$77,1
R51,56.2k,R-EU_,M0805,M0805,G$1,2,2,+5V0_ADTR,1
R52,10k,R-EU_,M0805,M0805,G$1,1,1,GND,1
R52,10k,R-EU_,M0805,M0805,G$1,2,2,N$77,1
R53,35.7k,R-EU_,M0805,M0805,G$1,1,1,N$91,1
R53,35.7k,R-EU_,M0805,M0805,G$1,2,2,+3V3_ADTR,1
R54,11.5k,R-EU_,M0805,M0805,G$1,1,1,GND,1
R54,11.5k,R-EU_,M0805,M0805,G$1,2,2,N$91,1
R55,56.2k,R-EU_,M0805,M0805,G$1,1,1,N$97,1
R55,56.2k,R-EU_,M0805,M0805,G$1,2,2,+5V0_5,1
R56,10k,R-EU_,M0805,M0805,G$1,1,1,GND,1
R56,10k,R-EU_,M0805,M0805,G$1,2,2,N$97,1
R57,35.7k,R-EU_,M0805,M0805,G$1,1,1,N$103,1
R57,35.7k,R-EU_,M0805,M0805,G$1,2,2,+3V3_XO,1
R58,11.5k,R-EU_,M0805,M0805,G$1,1,1,GND,1
R58,11.5k,R-EU_,M0805,M0805,G$1,2,2,N$103,1
SV1,,MA10-2,,MA10-2,G$1,1,1,EN_+1V0_FPGA,1
SV1,,MA10-2,,MA10-2,G$1,10,10,EN_+3V3_CLOCK,1
SV1,,MA10-2,,MA10-2,G$1,11,11,EN_+3V3_ADAR34,1
SV1,,MA10-2,,MA10-2,G$1,12,12,GND,1
SV1,,MA10-2,,MA10-2,G$1,13,13,EN_+3V3_ADTR,1
SV1,,MA10-2,,MA10-2,G$1,14,14,GND,1
SV1,,MA10-2,,MA10-2,G$1,15,15,EN_+3V3_SW,1
SV1,,MA10-2,,MA10-2,G$1,16,16,GND,1
SV1,,MA10-2,,MA10-2,G$1,17,17,EN_+3V3_VDD_SW,1
SV1,,MA10-2,,MA10-2,G$1,18,18,GND,1
SV1,,MA10-2,,MA10-2,G$1,19,19,EN_+5V0_PA1,1
SV1,,MA10-2,,MA10-2,G$1,2,2,EN_+5V0_PA2,1
SV1,,MA10-2,,MA10-2,G$1,20,20,GND,1
SV1,,MA10-2,,MA10-2,G$1,3,3,EN_+1V8_FPGA,1
SV1,,MA10-2,,MA10-2,G$1,4,4,EN_+5V0_PA3,1
SV1,,MA10-2,,MA10-2,G$1,5,5,EN_+3V3_FPGA,1
SV1,,MA10-2,,MA10-2,G$1,6,6,EN_+5V5_PA,1
SV1,,MA10-2,,MA10-2,G$1,7,7,EN_+5V0_ADAR,1
SV1,,MA10-2,,MA10-2,G$1,8,8,EN_+1V8_CLOCK,1
SV1,,MA10-2,,MA10-2,G$1,9,9,EN_+3V3_ADAR12,1
U1,,TPS562208DDCT,,DDC0006A_N,A,EN,5,EN_+1V0_FPGA,1
U1,,TPS562208DDCT,,DDC0006A_N,A,GND,1,GND,1
U1,,TPS562208DDCT,,DDC0006A_N,A,SW,2,N$1,1
U1,,TPS562208DDCT,,DDC0006A_N,A,VBST,6,N$2,1
U1,,TPS562208DDCT,,DDC0006A_N,A,VFB,4,N$4,1
U1,,TPS562208DDCT,,DDC0006A_N,A,VIN,3,VIN,1
U2,,TPS562208DDCT,,DDC0006A_N,A,EN,5,EN_+1V8_FPGA,1
U2,,TPS562208DDCT,,DDC0006A_N,A,GND,1,GND,1
U2,,TPS562208DDCT,,DDC0006A_N,A,SW,2,N$3,1
U2,,TPS562208DDCT,,DDC0006A_N,A,VBST,6,N$5,1
U2,,TPS562208DDCT,,DDC0006A_N,A,VFB,4,N$6,1
U2,,TPS562208DDCT,,DDC0006A_N,A,VIN,3,VIN,1
U3,,TPS562208DDCT,,DDC0006A_N,A,EN,5,VIN,1
U3,,TPS562208DDCT,,DDC0006A_N,A,GND,1,GND,1
U3,,TPS562208DDCT,,DDC0006A_N,A,SW,2,N$7,1
U3,,TPS562208DDCT,,DDC0006A_N,A,VBST,6,N$8,1
U3,,TPS562208DDCT,,DDC0006A_N,A,VFB,4,N$9,1
U3,,TPS562208DDCT,,DDC0006A_N,A,VIN,3,VIN,1
U4,,TPS562208DDCT,,DDC0006A_N,A,EN,5,EN_+3V3_FPGA,1
U4,,TPS562208DDCT,,DDC0006A_N,A,GND,1,GND,1
U4,,TPS562208DDCT,,DDC0006A_N,A,SW,2,N$10,1
U4,,TPS562208DDCT,,DDC0006A_N,A,VBST,6,N$11,1
U4,,TPS562208DDCT,,DDC0006A_N,A,VFB,4,N$12,1
U4,,TPS562208DDCT,,DDC0006A_N,A,VIN,3,VIN,1
U5,,ADM7151ACPZ-04-R7,,CP_8_11_ADI,A,BYP,3,N$15,1
U5,,ADM7151ACPZ-04-R7,,CP_8_11_ADI,A,EN,7,+5V0_0,1
U5,,ADM7151ACPZ-04-R7,,CP_8_11_ADI,A,EPAD,9,GND,1
U5,,ADM7151ACPZ-04-R7,,CP_8_11_ADI,A,GND,4,GND,1
U5,,ADM7151ACPZ-04-R7,,CP_8_11_ADI,A,REF,6,N$27,1
U5,,ADM7151ACPZ-04-R7,,CP_8_11_ADI,A,REF_SENSE,5,N$25,1
U5,,ADM7151ACPZ-04-R7,,CP_8_11_ADI,A,VIN,8,+5V0_0,1
U5,,ADM7151ACPZ-04-R7,,CP_8_11_ADI,A,VOUT,2,+3V3_AN,1
U5,,ADM7151ACPZ-04-R7,,CP_8_11_ADI,A,VREG,1,N$13,1
U6,,TPS562208DDCT,,DDC0006A_N,A,EN,5,EN_+3V3_ADAR12,1
U6,,TPS562208DDCT,,DDC0006A_N,A,GND,1,GND,1
U6,,TPS562208DDCT,,DDC0006A_N,A,SW,2,N$16,1
U6,,TPS562208DDCT,,DDC0006A_N,A,VBST,6,N$17,1
U6,,TPS562208DDCT,,DDC0006A_N,A,VFB,4,N$18,1
U6,,TPS562208DDCT,,DDC0006A_N,A,VIN,3,VIN,1
U7,,TPS562208DDCT,,DDC0006A_N,A,EN,5,EN_+3V3_ADAR34,1
U7,,TPS562208DDCT,,DDC0006A_N,A,GND,1,GND,1
U7,,TPS562208DDCT,,DDC0006A_N,A,SW,2,N$19,1
U7,,TPS562208DDCT,,DDC0006A_N,A,VBST,6,N$20,1
U7,,TPS562208DDCT,,DDC0006A_N,A,VFB,4,N$21,1
U7,,TPS562208DDCT,,DDC0006A_N,A,VIN,3,VIN,1
U8,,TPS562208DDCT,,DDC0006A_N,A,EN,5,EN_+3V3_VDD_SW,1
U8,,TPS562208DDCT,,DDC0006A_N,A,GND,1,GND,1
U8,,TPS562208DDCT,,DDC0006A_N,A,SW,2,N$22,1
U8,,TPS562208DDCT,,DDC0006A_N,A,VBST,6,N$23,1
U8,,TPS562208DDCT,,DDC0006A_N,A,VFB,4,N$24,1
U8,,TPS562208DDCT,,DDC0006A_N,A,VIN,3,VIN,1
U9,,TPS562208DDCT,,DDC0006A_N,A,EN,5,VIN,1
U9,,TPS562208DDCT,,DDC0006A_N,A,GND,1,GND,1
U9,,TPS562208DDCT,,DDC0006A_N,A,SW,2,N$26,1
U9,,TPS562208DDCT,,DDC0006A_N,A,VBST,6,N$64,1
U9,,TPS562208DDCT,,DDC0006A_N,A,VFB,4,N$65,1
U9,,TPS562208DDCT,,DDC0006A_N,A,VIN,3,VIN,1
U10,,TPS562208DDCT,,DDC0006A_N,A,EN,5,EN_+3V3_SW,1
U10,,TPS562208DDCT,,DDC0006A_N,A,GND,1,GND,1
U10,,TPS562208DDCT,,DDC0006A_N,A,SW,2,N$28,1
U10,,TPS562208DDCT,,DDC0006A_N,A,VBST,6,N$29,1
U10,,TPS562208DDCT,,DDC0006A_N,A,VFB,4,N$30,1
U10,,TPS562208DDCT,,DDC0006A_N,A,VIN,3,VIN,1
U11,,TPS562208DDCT,,DDC0006A_N,A,EN,5,VIN,1
U11,,TPS562208DDCT,,DDC0006A_N,A,GND,1,GND,1
U11,,TPS562208DDCT,,DDC0006A_N,A,SW,2,N$31,1
U11,,TPS562208DDCT,,DDC0006A_N,A,VBST,6,N$32,1
U11,,TPS562208DDCT,,DDC0006A_N,A,VFB,4,N$33,1
U11,,TPS562208DDCT,,DDC0006A_N,A,VIN,3,VIN,1
U12,,TPS562208DDCT,,DDC0006A_N,A,EN,5,VIN,1
U12,,TPS562208DDCT,,DDC0006A_N,A,GND,1,GND,1
U12,,TPS562208DDCT,,DDC0006A_N,A,SW,2,N$34,1
U12,,TPS562208DDCT,,DDC0006A_N,A,VBST,6,N$35,1
U12,,TPS562208DDCT,,DDC0006A_N,A,VFB,4,N$36,1
U12,,TPS562208DDCT,,DDC0006A_N,A,VIN,3,VIN,1
U13,,TPS562208DDCT,,DDC0006A_N,A,EN,5,EN_+5V0_ADAR,1
U13,,TPS562208DDCT,,DDC0006A_N,A,GND,1,GND,1
U13,,TPS562208DDCT,,DDC0006A_N,A,SW,2,N$37,1
U13,,TPS562208DDCT,,DDC0006A_N,A,VBST,6,N$38,1
U13,,TPS562208DDCT,,DDC0006A_N,A,VFB,4,N$39,1
U13,,TPS562208DDCT,,DDC0006A_N,A,VIN,3,VIN,1
U14,,TPS562208DDCT,,DDC0006A_N,A,EN,5,EN_+5V0_PA1,1
U14,,TPS562208DDCT,,DDC0006A_N,A,GND,1,GND,1
U14,,TPS562208DDCT,,DDC0006A_N,A,SW,2,N$40,1
U14,,TPS562208DDCT,,DDC0006A_N,A,VBST,6,N$41,1
U14,,TPS562208DDCT,,DDC0006A_N,A,VFB,4,N$42,1
U14,,TPS562208DDCT,,DDC0006A_N,A,VIN,3,VIN,1
U15,,TPS562208DDCT,,DDC0006A_N,A,EN,5,EN_+5V0_PA2,1
U15,,TPS562208DDCT,,DDC0006A_N,A,GND,1,GND,1
U15,,TPS562208DDCT,,DDC0006A_N,A,SW,2,N$43,1
U15,,TPS562208DDCT,,DDC0006A_N,A,VBST,6,N$44,1
U15,,TPS562208DDCT,,DDC0006A_N,A,VFB,4,N$45,1
U15,,TPS562208DDCT,,DDC0006A_N,A,VIN,3,VIN,1
U16,,TPS562208DDCT,,DDC0006A_N,A,EN,5,EN_+5V0_PA3,1
U16,,TPS562208DDCT,,DDC0006A_N,A,GND,1,GND,1
U16,,TPS562208DDCT,,DDC0006A_N,A,SW,2,N$46,1
U16,,TPS562208DDCT,,DDC0006A_N,A,VBST,6,N$47,1
U16,,TPS562208DDCT,,DDC0006A_N,A,VFB,4,N$48,1
U16,,TPS562208DDCT,,DDC0006A_N,A,VIN,3,VIN,1
U17,,TPS562208DDCT,,DDC0006A_N,A,EN,5,EN_+5V5_PA,1
U17,,TPS562208DDCT,,DDC0006A_N,A,GND,1,GND,1
U17,,TPS562208DDCT,,DDC0006A_N,A,SW,2,N$49,1
U17,,TPS562208DDCT,,DDC0006A_N,A,VBST,6,N$50,1
U17,,TPS562208DDCT,,DDC0006A_N,A,VFB,4,N$51,1
U17,,TPS562208DDCT,,DDC0006A_N,A,VIN,3,VIN,1
U18,,LM2662MX/NOPB,,M08A,A,C1+,2,N$54,1
U18,,LM2662MX/NOPB,,M08A,A,C1-,4,N$55,1
U18,,LM2662MX/NOPB,,M08A,A,GND,3,GND,1
U18,,LM2662MX/NOPB,,M08A,A,LV,6,GND,1
U18,,LM2662MX/NOPB,,M08A,A,OUT,5,-3V3_SW,1
U18,,LM2662MX/NOPB,,M08A,A,V+,8,+3V3_SW,1
U19,,LM2662MX/NOPB,,M08A,A,C1+,2,N$52,1
U19,,LM2662MX/NOPB,,M08A,A,C1-,4,N$53,1
U19,,LM2662MX/NOPB,,M08A,A,GND,3,GND,1
U19,,LM2662MX/NOPB,,M08A,A,LV,6,GND,1
U19,,LM2662MX/NOPB,,M08A,A,OUT,5,-3V4,1
U19,,LM2662MX/NOPB,,M08A,A,V+,8,+3V4,1
U20,,LM2662MX/NOPB,,M08A,A,C1+,2,N$56,1
U20,,LM2662MX/NOPB,,M08A,A,C1-,4,N$57,1
U20,,LM2662MX/NOPB,,M08A,A,GND,3,GND,1
U20,,LM2662MX/NOPB,,M08A,A,LV,6,GND,1
U20,,LM2662MX/NOPB,,M08A,A,OUT,5,-5V0_ADAR12,1
U20,,LM2662MX/NOPB,,M08A,A,V+,8,+5V0_ADAR,1
U21,,LM2662MX/NOPB,,M08A,A,C1+,2,N$58,1
U21,,LM2662MX/NOPB,,M08A,A,C1-,4,N$59,1
U21,,LM2662MX/NOPB,,M08A,A,GND,3,GND,1
U21,,LM2662MX/NOPB,,M08A,A,LV,6,GND,1
U21,,LM2662MX/NOPB,,M08A,A,OUT,5,-5V0_ADAR34,1
U21,,LM2662MX/NOPB,,M08A,A,V+,8,+5V0_ADAR,1
U22,,LM2662MX/NOPB,,M08A,A,C1+,2,N$60,1
U22,,LM2662MX/NOPB,,M08A,A,C1-,4,N$61,1
U22,,LM2662MX/NOPB,,M08A,A,GND,3,GND,1
U22,,LM2662MX/NOPB,,M08A,A,LV,6,GND,1
U22,,LM2662MX/NOPB,,M08A,A,OUT,5,-5V5_PA,1
U22,,LM2662MX/NOPB,,M08A,A,V+,8,+5V5_PA,1
U23,,ADM7151ACPZ-04-R7,,CP_8_11_ADI,A,BYP,3,N$68,1
U23,,ADM7151ACPZ-04-R7,,CP_8_11_ADI,A,EN,7,EN_+3V3_CLOCK,1
U23,,ADM7151ACPZ-04-R7,,CP_8_11_ADI,A,EPAD,9,GND,1
U23,,ADM7151ACPZ-04-R7,,CP_8_11_ADI,A,GND,4,GND,1
U23,,ADM7151ACPZ-04-R7,,CP_8_11_ADI,A,REF,6,N$70,1
U23,,ADM7151ACPZ-04-R7,,CP_8_11_ADI,A,REF_SENSE,5,N$69,1
U23,,ADM7151ACPZ-04-R7,,CP_8_11_ADI,A,VIN,8,+5V0_1,1
U23,,ADM7151ACPZ-04-R7,,CP_8_11_ADI,A,VOUT,2,+3V3_CLOCK,1
U23,,ADM7151ACPZ-04-R7,,CP_8_11_ADI,A,VREG,1,N$66,1
U24,,TPS562208DDCT,,DDC0006A_N,A,EN,5,VIN,1
U24,,TPS562208DDCT,,DDC0006A_N,A,GND,1,GND,1
U24,,TPS562208DDCT,,DDC0006A_N,A,SW,2,N$73,1
U24,,TPS562208DDCT,,DDC0006A_N,A,VBST,6,N$74,1
U24,,TPS562208DDCT,,DDC0006A_N,A,VFB,4,N$75,1
U24,,TPS562208DDCT,,DDC0006A_N,A,VIN,3,VIN,1
U25,,ADM7151ACPZ-04-R7,,CP_8_11_ADI,A,BYP,3,N$78,1
U25,,ADM7151ACPZ-04-R7,,CP_8_11_ADI,A,EN,7,EN_+1V8_CLOCK,1
U25,,ADM7151ACPZ-04-R7,,CP_8_11_ADI,A,EPAD,9,GND,1
U25,,ADM7151ACPZ-04-R7,,CP_8_11_ADI,A,GND,4,GND,1
U25,,ADM7151ACPZ-04-R7,,CP_8_11_ADI,A,REF,6,N$80,1
U25,,ADM7151ACPZ-04-R7,,CP_8_11_ADI,A,REF_SENSE,5,N$79,1
U25,,ADM7151ACPZ-04-R7,,CP_8_11_ADI,A,VIN,8,+5V0_2,1
U25,,ADM7151ACPZ-04-R7,,CP_8_11_ADI,A,VOUT,2,+1V8_CLOCK,1
U25,,ADM7151ACPZ-04-R7,,CP_8_11_ADI,A,VREG,1,N$76,1
U26,,TPS562208DDCT,,DDC0006A_N,A,EN,5,VIN,1
U26,,TPS562208DDCT,,DDC0006A_N,A,GND,1,GND,1
U26,,TPS562208DDCT,,DDC0006A_N,A,SW,2,N$83,1
U26,,TPS562208DDCT,,DDC0006A_N,A,VBST,6,N$84,1
U26,,TPS562208DDCT,,DDC0006A_N,A,VFB,4,N$85,1
U26,,TPS562208DDCT,,DDC0006A_N,A,VIN,3,VIN,1
U27,,ADM7151ACPZ-04-R7,,CP_8_11_ADI,A,BYP,3,N$88,1
U27,,ADM7151ACPZ-04-R7,,CP_8_11_ADI,A,EN,7,+5V0_3,1
U27,,ADM7151ACPZ-04-R7,,CP_8_11_ADI,A,EPAD,9,GND,1
U27,,ADM7151ACPZ-04-R7,,CP_8_11_ADI,A,GND,4,GND,1
U27,,ADM7151ACPZ-04-R7,,CP_8_11_ADI,A,REF,6,N$90,1
U27,,ADM7151ACPZ-04-R7,,CP_8_11_ADI,A,REF_SENSE,5,N$89,1
U27,,ADM7151ACPZ-04-R7,,CP_8_11_ADI,A,VIN,8,+5V0_3,1
U27,,ADM7151ACPZ-04-R7,,CP_8_11_ADI,A,VOUT,2,+3V3_LO_1,1
U27,,ADM7151ACPZ-04-R7,,CP_8_11_ADI,A,VREG,1,N$86,1
U28,,TPS562208DDCT,,DDC0006A_N,A,EN,5,VIN,1
U28,,TPS562208DDCT,,DDC0006A_N,A,GND,1,GND,1
U28,,TPS562208DDCT,,DDC0006A_N,A,SW,2,N$93,1
U28,,TPS562208DDCT,,DDC0006A_N,A,VBST,6,N$94,1
U28,,TPS562208DDCT,,DDC0006A_N,A,VFB,4,N$95,1
U28,,TPS562208DDCT,,DDC0006A_N,A,VIN,3,VIN,1
U29,,ADM7151ACPZ-04-R7,,CP_8_11_ADI,A,BYP,3,N$98,1
U29,,ADM7151ACPZ-04-R7,,CP_8_11_ADI,A,EN,7,+5V0_4,1
U29,,ADM7151ACPZ-04-R7,,CP_8_11_ADI,A,EPAD,9,GND,1
U29,,ADM7151ACPZ-04-R7,,CP_8_11_ADI,A,GND,4,GND,1
U29,,ADM7151ACPZ-04-R7,,CP_8_11_ADI,A,REF,6,N$100,1
U29,,ADM7151ACPZ-04-R7,,CP_8_11_ADI,A,REF_SENSE,5,N$99,1
U29,,ADM7151ACPZ-04-R7,,CP_8_11_ADI,A,VIN,8,+5V0_4,1
U29,,ADM7151ACPZ-04-R7,,CP_8_11_ADI,A,VOUT,2,+3V3_LO_2,1
U29,,ADM7151ACPZ-04-R7,,CP_8_11_ADI,A,VREG,1,N$96,1
U30,,ADM7151ACPZ-04-R7,,CP_8_11_ADI,A,BYP,3,N$62,1
U30,,ADM7151ACPZ-04-R7,,CP_8_11_ADI,A,EN,7,VIN,1
U30,,ADM7151ACPZ-04-R7,,CP_8_11_ADI,A,EPAD,9,GND,1
U30,,ADM7151ACPZ-04-R7,,CP_8_11_ADI,A,GND,4,GND,1
U30,,ADM7151ACPZ-04-R7,,CP_8_11_ADI,A,REF,6,N$67,1
U30,,ADM7151ACPZ-04-R7,,CP_8_11_ADI,A,REF_SENSE,5,N$63,1
U30,,ADM7151ACPZ-04-R7,,CP_8_11_ADI,A,VIN,8,VIN,1
U30,,ADM7151ACPZ-04-R7,,CP_8_11_ADI,A,VOUT,2,+5V0_LO,1
U30,,ADM7151ACPZ-04-R7,,CP_8_11_ADI,A,VREG,1,N$14,1
U31,,TPS562208DDCT,,DDC0006A_N,A,EN,5,VIN,1
U31,,TPS562208DDCT,,DDC0006A_N,A,GND,1,GND,1
U31,,TPS562208DDCT,,DDC0006A_N,A,SW,2,N$71,1
U31,,TPS562208DDCT,,DDC0006A_N,A,VBST,6,N$72,1
U31,,TPS562208DDCT,,DDC0006A_N,A,VFB,4,N$77,1
U31,,TPS562208DDCT,,DDC0006A_N,A,VIN,3,VIN,1
U32,,TPS7A8300RGRR,,RGR20_2P05X2P05_TEX,A,BIAS,12,N$92,1
U32,,TPS7A8300RGRR,,RGR20_2P05X2P05_TEX,A,EN,14,EN_+3V3_ADTR,1
U32,,TPS7A8300RGRR,,RGR20_2P05X2P05_TEX,A,EPAD,21,GND,1
U32,,TPS7A8300RGRR,,RGR20_2P05X2P05_TEX,A,FB,3,N$91,1
U32,,TPS7A8300RGRR,,RGR20_2P05X2P05_TEX,A,GND,18,GND,1
U32,,TPS7A8300RGRR,,RGR20_2P05X2P05_TEX,A,GND_2,8,GND,1
U32,,TPS7A8300RGRR,,RGR20_2P05X2P05_TEX,A,IN,17,+5V0_ADTR,1
U32,,TPS7A8300RGRR,,RGR20_2P05X2P05_TEX,A,IN_2,15,+5V0_ADTR,1
U32,,TPS7A8300RGRR,,RGR20_2P05X2P05_TEX,A,IN_3,16,+5V0_ADTR,1
U32,,TPS7A8300RGRR,,RGR20_2P05X2P05_TEX,A,NR/SS,13,N$101,1
U32,,TPS7A8300RGRR,,RGR20_2P05X2P05_TEX,A,OUT,20,+3V3_ADTR,1
U32,,TPS7A8300RGRR,,RGR20_2P05X2P05_TEX,A,OUT_2,1,+3V3_ADTR,1
U32,,TPS7A8300RGRR,,RGR20_2P05X2P05_TEX,A,OUT_3,19,+3V3_ADTR,1
U32,,TPS7A8300RGRR,,RGR20_2P05X2P05_TEX,A,SNS,2,N$82,1
U33,,TPS562208DDCT,,DDC0006A_N,A,EN,5,VIN,1
U33,,TPS562208DDCT,,DDC0006A_N,A,GND,1,GND,1
U33,,TPS562208DDCT,,DDC0006A_N,A,SW,2,N$81,1
U33,,TPS562208DDCT,,DDC0006A_N,A,VBST,6,N$87,1
U33,,TPS562208DDCT,,DDC0006A_N,A,VFB,4,N$97,1
U33,,TPS562208DDCT,,DDC0006A_N,A,VIN,3,VIN,1
U34,,TPS7A8300RGRR,,RGR20_2P05X2P05_TEX,A,BIAS,12,N$104,1
U34,,TPS7A8300RGRR,,RGR20_2P05X2P05_TEX,A,EN,14,+5V0_5,1
U34,,TPS7A8300RGRR,,RGR20_2P05X2P05_TEX,A,EPAD,21,GND,1
U34,,TPS7A8300RGRR,,RGR20_2P05X2P05_TEX,A,FB,3,N$103,1
U34,,TPS7A8300RGRR,,RGR20_2P05X2P05_TEX,A,GND,18,GND,1
U34,,TPS7A8300RGRR,,RGR20_2P05X2P05_TEX,A,GND_2,8,GND,1
U34,,TPS7A8300RGRR,,RGR20_2P05X2P05_TEX,A,IN,17,+5V0_5,1
U34,,TPS7A8300RGRR,,RGR20_2P05X2P05_TEX,A,IN_2,15,+5V0_5,1
U34,,TPS7A8300RGRR,,RGR20_2P05X2P05_TEX,A,IN_3,16,+5V0_5,1
U34,,TPS7A8300RGRR,,RGR20_2P05X2P05_TEX,A,NR/SS,13,N$105,1
U34,,TPS7A8300RGRR,,RGR20_2P05X2P05_TEX,A,OUT,20,+3V3_XO,1
U34,,TPS7A8300RGRR,,RGR20_2P05X2P05_TEX,A,OUT_2,1,+3V3_XO,1
U34,,TPS7A8300RGRR,,RGR20_2P05X2P05_TEX,A,OUT_3,19,+3V3_XO,1
U34,,TPS7A8300RGRR,,RGR20_2P05X2P05_TEX,A,SNS,2,N$102,1
U$1,2.2µH,POWER_INDUCTOR,,IND_VLP8040T-1R0N_TDK,A,1,1,+1V0_FPGA,1
U$1,2.2µH,POWER_INDUCTOR,,IND_VLP8040T-1R0N_TDK,A,2,2,N$1,1
U$2,2.2µH,POWER_INDUCTOR,,IND_VLP8040T-1R0N_TDK,A,1,1,+1V8_FPGA,1
U$2,2.2µH,POWER_INDUCTOR,,IND_VLP8040T-1R0N_TDK,A,2,2,N$3,1
U$3,3.3µH,POWER_INDUCTOR,,IND_VLP8040T-1R0N_TDK,A,1,1,+3V3,1
U$3,3.3µH,POWER_INDUCTOR,,IND_VLP8040T-1R0N_TDK,A,2,2,N$7,1
U$4,3.3µH,POWER_INDUCTOR,,IND_VLP8040T-1R0N_TDK,A,1,1,+3V3_FPGA,1
U$4,3.3µH,POWER_INDUCTOR,,IND_VLP8040T-1R0N_TDK,A,2,2,N$10,1
U$5,3.3µH,POWER_INDUCTOR,,IND_VLP8040T-1R0N_TDK,A,1,1,+5V0_1,1
U$5,3.3µH,POWER_INDUCTOR,,IND_VLP8040T-1R0N_TDK,A,2,2,N$26,1
U$6,3.3µH,POWER_INDUCTOR,,IND_VLP8040T-1R0N_TDK,A,1,1,+3V3_ADAR_12,1
U$6,3.3µH,POWER_INDUCTOR,,IND_VLP8040T-1R0N_TDK,A,2,2,N$16,1
U$7,3.3µH,POWER_INDUCTOR,,IND_VLP8040T-1R0N_TDK,A,1,1,+3V3_ADAR_34,1
U$7,3.3µH,POWER_INDUCTOR,,IND_VLP8040T-1R0N_TDK,A,2,2,N$19,1
U$8,3.3µH,POWER_INDUCTOR,,IND_VLP8040T-1R0N_TDK,A,1,1,+3V3_VDD_SW,1
U$8,3.3µH,POWER_INDUCTOR,,IND_VLP8040T-1R0N_TDK,A,2,2,N$22,1
U$9,3.3µH,POWER_INDUCTOR,,IND_VLP8040T-1R0N_TDK,A,1,1,+5V0_2,1
U$9,3.3µH,POWER_INDUCTOR,,IND_VLP8040T-1R0N_TDK,A,2,2,N$73,1
U$10,3.3µH,POWER_INDUCTOR,,IND_VLP8040T-1R0N_TDK,A,1,1,+3V3_SW,1
U$10,3.3µH,POWER_INDUCTOR,,IND_VLP8040T-1R0N_TDK,A,2,2,N$28,1
U$11,3.3µH,POWER_INDUCTOR,,IND_VLP8040T-1R0N_TDK,A,1,1,+3V4,1
U$11,3.3µH,POWER_INDUCTOR,,IND_VLP8040T-1R0N_TDK,A,2,2,N$31,1
U$12,3.3µH,POWER_INDUCTOR,,IND_VLP8040T-1R0N_TDK,A,1,1,+5V0_0,1
U$12,3.3µH,POWER_INDUCTOR,,IND_VLP8040T-1R0N_TDK,A,2,2,N$34,1
U$13,3.3µH,POWER_INDUCTOR,,IND_VLP8040T-1R0N_TDK,A,1,1,+5V0_ADAR,1
U$13,3.3µH,POWER_INDUCTOR,,IND_VLP8040T-1R0N_TDK,A,2,2,N$37,1
U$14,3.3µH,POWER_INDUCTOR,,IND_VLP8040T-1R0N_TDK,A,1,1,+5V0_PA_1,1
U$14,3.3µH,POWER_INDUCTOR,,IND_VLP8040T-1R0N_TDK,A,2,2,N$40,1
U$15,3.3µH,POWER_INDUCTOR,,IND_VLP8040T-1R0N_TDK,A,1,1,+5V0_PA_2,1
U$15,3.3µH,POWER_INDUCTOR,,IND_VLP8040T-1R0N_TDK,A,2,2,N$43,1
U$16,3.3µH,POWER_INDUCTOR,,IND_VLP8040T-1R0N_TDK,A,1,1,+5V0_PA_3,1
U$16,3.3µH,POWER_INDUCTOR,,IND_VLP8040T-1R0N_TDK,A,2,2,N$46,1
U$17,3.3µH,POWER_INDUCTOR,,IND_VLP8040T-1R0N_TDK,A,1,1,+5V5_PA,1
U$17,3.3µH,POWER_INDUCTOR,,IND_VLP8040T-1R0N_TDK,A,2,2,N$49,1
U$18,3.3µH,POWER_INDUCTOR,,IND_VLP8040T-1R0N_TDK,A,1,1,+5V0_3,1
U$18,3.3µH,POWER_INDUCTOR,,IND_VLP8040T-1R0N_TDK,A,2,2,N$83,1
U$19,3.3µH,POWER_INDUCTOR,,IND_VLP8040T-1R0N_TDK,A,1,1,+5V0_4,1
U$19,3.3µH,POWER_INDUCTOR,,IND_VLP8040T-1R0N_TDK,A,2,2,N$93,1
U$20,3.3µH,POWER_INDUCTOR,,IND_VLP8040T-1R0N_TDK,A,1,1,+5V0_ADTR,1
U$20,3.3µH,POWER_INDUCTOR,,IND_VLP8040T-1R0N_TDK,A,2,2,N$71,1
U$21,3.3µH,POWER_INDUCTOR,,IND_VLP8040T-1R0N_TDK,A,1,1,+5V0_5,1
U$21,3.3µH,POWER_INDUCTOR,,IND_VLP8040T-1R0N_TDK,A,2,2,N$81,1
X1,,AK300/2,,AK300/2,-1,KL,1,VIN,1
X1,,AK300/2,,AK300/2,-2,KL,2,GND,1
X2,,22-23-2021,,22-23-2021,-1,S,1,+5V0_1,1
X2,,22-23-2021,,22-23-2021,-2,S,2,GND,1
X3,,22-23-2021,,22-23-2021,-1,S,1,+5V5_PA,1
X3,,22-23-2021,,22-23-2021,-2,S,2,GND,1
X4,,22-23-2021,,22-23-2021,-1,S,1,+1V0_FPGA,1
X4,,22-23-2021,,22-23-2021,-2,S,2,GND,1
X5,,22-23-2021,,22-23-2021,-1,S,1,+1V8_FPGA,1
X5,,22-23-2021,,22-23-2021,-2,S,2,GND,1
X6,,22-23-2021,,22-23-2021,-1,S,1,+5V0_LO,1
X6,,22-23-2021,,22-23-2021,-2,S,2,GND,1
X7,,22-23-2021,,22-23-2021,-1,S,1,+3V3_LO_2,1
X7,,22-23-2021,,22-23-2021,-2,S,2,GND,1
X8,,22-23-2021,,22-23-2021,-1,S,1,+3V3_LO_1,1
X8,,22-23-2021,,22-23-2021,-2,S,2,GND,1
X9,,22-23-2021,,22-23-2021,-1,S,1,+5V0_2,1
X9,,22-23-2021,,22-23-2021,-2,S,2,GND,1
X10,,22-23-2021,,22-23-2021,-1,S,1,+1V8_CLOCK,1
X10,,22-23-2021,,22-23-2021,-2,S,2,GND,1
X11,,22-23-2021,,22-23-2021,-1,S,1,+3V3_CLOCK,1
X11,,22-23-2021,,22-23-2021,-2,S,2,GND,1
X12,,22-23-2021,,22-23-2021,-1,S,1,+3V3_AN,1
X12,,22-23-2021,,22-23-2021,-2,S,2,GND,1
X13,,22-23-2021,,22-23-2021,-1,S,1,+5V0_ADAR,1
X13,,22-23-2021,,22-23-2021,-2,S,2,GND,1
X14,,22-23-2021,,22-23-2021,-1,S,1,+3V3_ADAR_12,1
X14,,22-23-2021,,22-23-2021,-2,S,2,GND,1
X15,,22-23-2021,,22-23-2021,-1,S,1,+3V3_ADAR_34,1
X15,,22-23-2021,,22-23-2021,-2,S,2,GND,1
X16,,22-23-2021,,22-23-2021,-1,S,1,+3V3,1
X16,,22-23-2021,,22-23-2021,-2,S,2,GND,1
X17,,22-23-2021,,22-23-2021,-1,S,1,+5V0_3,1
X17,,22-23-2021,,22-23-2021,-2,S,2,GND,1
X18,,22-23-2021,,22-23-2021,-1,S,1,-3V3_SW,1
X18,,22-23-2021,,22-23-2021,-2,S,2,GND,1
X19,,22-23-2021,,22-23-2021,-1,S,1,-5V5_PA,1
X19,,22-23-2021,,22-23-2021,-2,S,2,GND,1
X20,,22-23-2021,,22-23-2021,-1,S,1,-5V0_ADAR34,1
X20,,22-23-2021,,22-23-2021,-2,S,2,GND,1
X21,,22-23-2021,,22-23-2021,-1,S,1,-5V0_ADAR12,1
X21,,22-23-2021,,22-23-2021,-2,S,2,GND,1
X22,,22-23-2021,,22-23-2021,-1,S,1,+5V0_0,1
X22,,22-23-2021,,22-23-2021,-2,S,2,GND,1
X23,,22-23-2021,,22-23-2021,-1,S,1,+3V4,1
X23,,22-23-2021,,22-23-2021,-2,S,2,GND,1
X24,,22-23-2021,,22-23-2021,-1,S,1,-3V4,1
X24,,22-23-2021,,22-23-2021,-2,S,2,GND,1
X25,,22-23-2021,,22-23-2021,-1,S,1,+5V0_4,1
X25,,22-23-2021,,22-23-2021,-2,S,2,GND,1
X26,,22-23-2021,,22-23-2021,-1,S,1,+5V0_ADTR,1
X26,,22-23-2021,,22-23-2021,-2,S,2,GND,1
X27,,22-23-2021,,22-23-2021,-1,S,1,+3V3_FPGA,1
X27,,22-23-2021,,22-23-2021,-2,S,2,GND,1
X28,,22-23-2021,,22-23-2021,-1,S,1,+5V0_5,1
X28,,22-23-2021,,22-23-2021,-2,S,2,GND,1
X29,,22-23-2021,,22-23-2021,-1,S,1,+3V3_SW,1
X29,,22-23-2021,,22-23-2021,-2,S,2,GND,1
X30,,22-23-2021,,22-23-2021,-1,S,1,+3V3_VDD_SW,1
X30,,22-23-2021,,22-23-2021,-2,S,2,GND,1
X31,,22-23-2021,,22-23-2021,-1,S,1,+5V0_PA_1,1
X31,,22-23-2021,,22-23-2021,-2,S,2,GND,1
X32,,22-23-2021,,22-23-2021,-1,S,1,+5V0_PA_2,1
X32,,22-23-2021,,22-23-2021,-2,S,2,GND,1
X33,,22-23-2021,,22-23-2021,-1,S,1,+5V0_PA_3,1
X33,,22-23-2021,,22-23-2021,-2,S,2,GND,1
X34,,22-23-2021,,22-23-2021,-1,S,1,+3V3_ADTR,1
X34,,22-23-2021,,22-23-2021,-2,S,2,GND,1
X35,,22-23-2021,,22-23-2021,-1,S,1,+3V3_XO,1
X35,,22-23-2021,,22-23-2021,-2,S,2,GND,1
