f_GHz,S22_dB(centre row),S12_dB,S32_dB
9.000000000000000000e+00,-1.504972598662526906e+01,-1.955458518013120184e+01,-1.951393136696869846e+01
9.007500000000000284e+00,-1.539079145612516086e+01,-1.973987930545127512e+01,-1.969772729189851646e+01
9.015000000000000568e+00,-1.482410378313736743e+01,-1.996869654345329792e+01,-1.992556619600070178e+01
9.022500000000000853e+00,-1.365439087506312710e+01,-2.023347547043717753e+01,-2.018990420974525435e+01
9.029999999999999361e+00,-1.230475459573997554e+01,-2.052687431537060903e+01,-2.048339920994519048e+01
9.037499999999999645e+00,-1.101534895415970183e+01,-2.084178878169857896e+01,-2.079892603485161828e+01
9.044999999999999929e+00,-9.871487487186847432e+00,-2.117123090551269371e+01,-2.112945510831403340e+01
9.052500000000000213e+00,-8.887600863782170180e+00,-2.150807579821258031e+01,-2.146780159638261765e+01
9.060000000000000497e+00,-8.052610666658289063e+00,-2.184472085478874703e+01,-2.180628902886347120e+01
9.067500000000000782e+00,-7.348004215287303964e+00,-2.217276059424253276e+01,-2.213642902506721555e+01
9.074999999999999289e+00,-6.754256869093113735e+00,-2.248284754714873657e+01,-2.244878566891957306e+01
9.082499999999999574e+00,-6.252969177329235073e+00,-2.276495351978865855e+01,-2.273323765087214809e+01
9.089999999999999858e+00,-5.827587677050823700e+00,-2.300921303443434240e+01,-2.297982053148707138e+01
9.097500000000000142e+00,-5.463745894340993559e+00,-2.320736894632067759e+01,-2.318017188900586234e+01
9.105000000000000426e+00,-5.149542389367929296e+00,-2.335455342031915649e+01,-2.332931634171480795e+01
9.112500000000000711e+00,-4.875781678351321702e+00,-2.345084822211492082e+01,-2.342723645260249654e+01
9.119999999999999218e+00,-4.636095318900459006e+00,-2.350198988853040305e+01,-2.347959286926689515e+01
9.127499999999999503e+00,-4.426849700391622733e+00,-2.351884973741663032e+01,-2.349721779858406379e+01
9.134999999999999787e+00,-4.246794125545173770e+00,-2.351580213088752203e+01,-2.349448972684900028e+01
9.142500000000000071e+00,-4.096472005571940578e+00,-2.350848209876271255e+01,-2.348708917741438285e+01
9.150000000000000355e+00,-3.977475953953094390e+00,-2.351150058209800875e+01,-2.348970681429002383e+01
9.157500000000000639e+00,-3.891654394155814600e+00,-2.353647393549149669e+01,-2.351406498177599858e+01
9.164999999999999147e+00,-3.840373169228105787e+00,-2.359044318997935363e+01,-2.356733095019464130e+01
9.172499999999999432e+00,-3.823915059550530238e+00,-2.367458914046711982e+01,-2.365082755205446574e+01
9.179999999999999716e+00,-3.841079615529075397e+00,-2.378316586125997034e+01,-2.375896008543591975e+01
9.187500000000000000e+00,-3.889033988442598400e+00,-2.390278242444658829e+01,-2.387848265141929360e+01
9.195000000000000284e+00,-3.963459900646433276e+00,-2.401252408634544722e+01,-2.398858784820610879e+01
9.202500000000000568e+00,-4.059030511517931927e+00,-2.408576958772361465e+01,-2.406267495201678841e+01
9.210000000000000853e+00,-4.170217863057655627e+00,-2.409452860482539904e+01,-2.407263629426359586e+01
9.217499999999999361e+00,-4.292366913404306317e+00,-2.401613599164896584e+01,-2.399553636084561603e+01
9.224999999999999645e+00,-4.422884798844936682e+00,-2.384023264778902984e+01,-2.382065041447204123e+01
9.232499999999999929e+00,-4.562319431728709240e+00,-2.357263124157337941e+01,-2.355344978186963800e+01
9.240000000000000213e+00,-4.715090500359365500e+00,-2.323384850203841978e+01,-2.321424535343950168e+01
9.247500000000000497e+00,-4.889719690639967808e+00,-2.285331815809904299e+01,-2.283243647593475956e+01
9.255000000000000782e+00,-5.098563920123821980e+00,-2.246255758914220380e+01,-2.243963664324766683e+01
9.262499999999999289e+00,-5.357215541196673314e+00,-2.209007948546695488e+01,-2.206451505317696871e+01
9.269999999999999574e+00,-5.683825652774032733e+00,-2.175890629910174567e+01,-2.173025461696188287e+01
9.277499999999999858e+00,-6.098605695749307110e+00,-2.148610985134633111e+01,-2.145406245569913750e+01
9.285000000000000142e+00,-6.623691777448029505e+00,-2.128342429622666643e+01,-2.124777524292233011e+01
9.292500000000000426e+00,-7.283444916109431233e+00,-2.115821505268201363e+01,-2.111883183766945749e+01
9.300000000000000711e+00,-8.105076545267605681e+00,-2.111442903272205029e+01,-2.107123122373955937e+01
9.307499999999999218e+00,-9.119013406359000484e+00,-2.115338988843641133e+01,-2.110633584795418471e+01
9.314999999999999503e+00,-1.035684532253173984e+01,-2.127441848186187201e+01,-2.122349933726246007e+01
9.322499999999999787e+00,-1.183923645191520180e+01,-2.147529679692965132e+01,-2.142053675385329825e+01
9.330000000000000071e+00,-1.352818389357355144e+01,-2.175259474809594806e+01,-2.169405719955167200e+01
9.337500000000000355e+00,-1.517816506843432123e+01,-2.210186958142187308e+01,-2.203966885720610236e+01
9.345000000000000639e+00,-1.610466466737999980e+01,-2.251773964848476695e+01,-2.245205845727792138e+01
9.352499999999999147e+00,-1.560041599917993516e+01,-2.299383389960581425e+01,-2.292494633177289387e+01
9.359999999999999432e+00,-1.402790989214605055e+01,-2.352262852232488299e+01,-2.345092761811127602e+01
9.367499999999999716e+00,-1.220263755215335699e+01,-2.409520580760534614e+01,-2.402123277392019673e+01
9.375000000000000000e+00,-1.051952133388332555e+01,-2.470101064122809476e+01,-2.462547949098357236e+01
9.382500000000000284e+00,-9.070051060318649050e+00,-2.532773602027736359e+01,-2.525154287756663507e+01
9.390000000000000568e+00,-7.846859588618741554e+00,-2.596152628022296938e+01,-2.588572834697229297e+01
9.397500000000000853e+00,-6.821016889448165088e+00,-2.658770560010161432e+01,-2.651345451333810033e+01
9.404999999999999361e+00,-5.963333823106696130e+00,-2.719215475534780779e+01,-2.712057808662974168e+01
9.412499999999999645e+00,-5.248862421745773332e+00,-2.776321835911953428e+01,-2.769526412689673833e+01
9.419999999999999929e+00,-4.656913989997980785e+00,-2.829367125564957419e+01,-2.822995693539844098e+01
9.427500000000000213e+00,-4.170095049358836015e+00,-2.878200431444483698e+01,-2.872272605796433709e+01
9.435000000000000497e+00,-3.773321284231468287e+00,-2.923235995068576543e+01,-2.917730290864886911e+01
9.442500000000000782e+00,-3.453052734763307097e+00,-2.965290937166775720e+01,-2.960156018658124921e+01
9.449999999999999289e+00,-3.196794688986518196e+00,-3.005304012313771977e+01,-3.000476375780691995e+01
9.457499999999999574e+00,-2.992854215674224605e+00,-3.044004225621630155e+01,-3.039427083718059563e+01
9.464999999999999858e+00,-2.830322457191198460e+00,-3.081594208115818745e+01,-3.077233306337176089e+01
9.472500000000000142e+00,-2.699236103569060852e+00,-3.117496973973131702e+01,-3.113350585195868803e+01
9.480000000000000426e+00,-2.590852086104689533e+00,-3.150218043512014532e+01,-3.146318845396688246e+01
9.487500000000000711e+00,-2.497952169102763520e+00,-3.177407626351014613e+01,-3.173813733030092976e+01
9.494999999999999218e+00,-2.415087775860038644e+00,-3.196233433179156691e+01,-3.193006868436693679e+01
9.502499999999999503e+00,-2.338687828860586571e+00,-3.204107749533007166e+01,-3.201284154705192719e+01
9.509999999999999787e+00,-2.266984695983386366e+00,-3.199591051193657876e+01,-3.197153270858673935e+01
9.517500000000000071e+00,-2.199757437353669243e+00,-3.183044762794713378e+01,-3.180916000527045640e+01
9.525000000000000355e+00,-2.137933282958073722e+00,-3.156637586670210283e+01,-3.154699010714814733e+01
9.532500000000000639e+00,-2.083114640069732459e+00,-3.123713296541425066e+01,-3.121834585666778139e+01
9.539999999999999147e+00,-2.037104508527372460e+00,-3.087921378600100653e+01,-3.085987480611239064e+01
9.547499999999999432e+00,-2.001491434475773268e+00,-3.052525897063133442e+01,-3.050451362112153220e+01
9.554999999999999716e+00,-1.977334647045305482e+00,-3.020048554299350130e+01,-3.017780640767207956e+01
9.562500000000000000e+00,-1.964969209417170903e+00,-2.992178531373553341e+01,-2.989694277245180842e+01
9.570000000000000284e+00,-1.963934717566718557e+00,-2.969815055395047310e+01,-2.967116719282466164e+01
9.577500000000000568e+00,-1.973020100690373368e+00,-2.953140320894601700e+01,-2.950251427759736700e+01
9.585000000000000853e+00,-1.990409640833854299e+00,-2.941673856679535959e+01,-2.938636295161349210e+01
9.592499999999999361e+00,-2.013909025414068132e+00,-2.934303448448474327e+01,-2.931174890247684317e+01
9.599999999999999645e+00,-2.041223578538960304e+00,-2.929321399398584447e+01,-2.926171538227836777e+01
9.607499999999999929e+00,-2.070254036324242541e+00,-2.924521742445001493e+01,-2.921425521335826403e+01
9.615000000000000213e+00,-2.099370353600283678e+00,-2.917425346741625347e+01,-2.914451980458752445e+01
9.622500000000000497e+00,-2.127623984582057926e+00,-2.905670630948906563e+01,-2.902869472860201228e+01
9.630000000000000782e+00,-2.154866178473827887e+00,-2.887517276147955059e+01,-2.884904953770994851e+01
9.637499999999999289e+00,-2.181754189965809054e+00,-2.862292064921513557e+01,-2.859847182512598707e+01
9.644999999999999574e+00,-2.209646183082481841e+00,-2.830564496524037210e+01,-2.828233589554896099e+01
9.652499999999999858e+00,-2.240404256429205265e+00,-2.793955165961423148e+01,-2.791667461665930006e+01
9.660000000000000142e+00,-2.276138711007136717e+00,-2.754678858381545936e+01,-2.752362985178126920e+01
9.667500000000000426e+00,-2.318932729069278054e+00,-2.715036559637751168e+01,-2.712633119947246030e+01
9.675000000000000711e+00,-2.370585212736761704e+00,-2.677026744893931109e+01,-2.674494641008605811e+01
9.682499999999999218e+00,-2.432403021487317574e+00,-2.642128829493929132e+01,-2.639446543545029300e+01
9.689999999999999503e+00,-2.505065290727530591e+00,-2.611224491787650592e+01,-2.608388588652060136e+01
9.697499999999999787e+00,-2.588574177778712571e+00,-2.584597190699995295e+01,-2.581619820724631253e+01
9.705000000000000071e+00,-2.682299035663544551e+00,-2.561964781509017541e+01,-2.558871010240594757e+01
9.712500000000000355e+00,-2.785114017809388720e+00,-2.542527230365236335e+01,-2.539352211749456245e+01
9.720000000000000639e+00,-2.895621112671494135e+00,-2.525036497039271666e+01,-2.521822009187362212e+01
9.727499999999999147e+00,-3.012440555124773045e+00,-2.507912500169321746e+01,-2.504702250035780509e+01
9.734999999999999432e+00,-3.134538789605959330e+00,-2.489431389041946474e+01,-2.486264880648129250e+01
9.742499999999999716e+00,-3.261553004895947794e+00,-2.467991897954601654e+01,-2.464897585235049604e+01
9.750000000000000000e+00,-3.394064732553329300e+00,-2.442421266000805957e+01,-2.439410816982991292e+01
9.757500000000000284e+00,-3.533777170969313985e+00,-2.412234466329078586e+01,-2.409300390773252332e+01
9.765000000000000568e+00,-3.683563482920091392e+00,-2.377749300047801384e+01,-2.374867198769650400e+01
9.772500000000000853e+00,-3.847373849636686494e+00,-2.340010221018390268e+01,-2.337144876014847128e+01
9.779999999999999361e+00,-4.030011110853420675e+00,-2.300558790271760046e+01,-2.297671688211685748e+01
9.787499999999999645e+00,-4.236800476528527426e+00,-2.261147348220711706e+01,-2.258203133480986580e+01
9.794999999999999929e+00,-4.473182035299132053e+00,-2.223490100553243920e+01,-2.220460611795398620e+01
9.802500000000000213e+00,-4.744243524794294231e+00,-2.189100955433189455e+01,-2.185966825597142815e+01
9.810000000000000497e+00,-5.054186750662768013e+00,-2.159220392424891344e+01,-2.155970940055359719e+01
9.817500000000000782e+00,-5.405688110231741561e+00,-2.134807797151505326e+01,-2.131440059105754159e+01
9.824999999999999289e+00,-5.799077703792420380e+00,-2.116570896574381777e+01,-2.113088445441510999e+01
9.832499999999999574e+00,-6.231233653575443121e+00,-2.105010013553476611e+01,-2.101421936917601485e+01
9.839999999999999858e+00,-6.694095598638569733e+00,-2.100463167516269181e+01,-2.096783385672487654e+01
9.847500000000000142e+00,-7.172806339249897079e+00,-2.103144527364424832e+01,-2.099391511738464189e+01
9.855000000000000426e+00,-7.643808027007871431e+00,-2.113172546917783734e+01,-2.109369451262689665e+01
9.862500000000000711e+00,-8.073871923251449090e+00,-2.130585775526528636e+01,-2.126760977061561775e+01
9.869999999999999218e+00,-8.421910541064303146e+00,-2.155344548736835364e+01,-2.151532591602029143e+01
9.877499999999999503e+00,-8.645635752631854132e+00,-2.187316083830956970e+01,-2.183558998809454366e+01
9.884999999999999787e+00,-8.713034262693643228e+00,-2.226239361131889893e+01,-2.222588273202680043e+01
9.892500000000000071e+00,-8.614016309844846120e+00,-2.271665105443853250e+01,-2.268181887135325425e+01
9.900000000000000355e+00,-8.364783469964439888e+00,-2.322866301870869421e+01,-2.319624714030751989e+01
9.907500000000000639e+00,-8.001632137522157961e+00,-2.378718389412360068e+01,-2.375803589832340279e+01
9.914999999999999147e+00,-7.568777271821065966e+00,-2.437560067518916540e+01,-2.435064555046064072e+01
9.922499999999999432e+00,-7.107572886609752061e+00,-2.497071641228473027e+01,-2.495084954573307812e+01
9.929999999999999716e+00,-6.650861555779833623e+00,-2.554250129133185254e+01,-2.552840000247772778e+01
9.937500000000000000e+00,-6.221859741560099799e+00,-2.605600919977273477e+01,-2.604787004418201235e+01
9.945000000000000284e+00,-5.835431004028604818e+00,-2.647646660538412533e+01,-2.647375434193786958e+01
9.952500000000000568e+00,-5.500046719158423691e+00,-2.677700982284529019e+01,-2.677837656911406583e+01
9.960000000000000853e+00,-5.219596953912696513e+00,-2.694599300369869255e+01,-2.694949294762816194e+01
9.967499999999999361e+00,-4.994798697488603167e+00,-2.698960504435000729e+01,-2.699314996123728960e+01
9.974999999999999645e+00,-4.824215621106543672e+00,-2.692796905304669863e+01,-2.692979579293118064e+01
9.982499999999999929e+00,-4.704985590133642148e+00,-2.678718138325020348e+01,-2.678612192084394295e+01
9.990000000000000213e+00,-4.633355304063845992e+00,-2.659163944358757448e+01,-2.658715240125381385e+01
9.997500000000000497e+00,-4.605099826723376921e+00,-2.635943271923098763e+01,-2.635148509530552374e+01
1.000500000000000078e+01,-4.615879737604792865e+00,-2.610107433861685422e+01,-2.608997784728085989e+01
1.001249999999999929e+01,-4.661566432899447499e+00,-2.582052973014153707e+01,-2.580679163984889257e+01
1.001999999999999957e+01,-4.738547643811191534e+00,-2.551738887820033241e+01,-2.550159509749245856e+01
1.002749999999999986e+01,-4.844010516856363857e+00,-2.518935523030646806e+01,-2.517208372205174527e+01
1.003500000000000014e+01,-4.976189280181418262e+00,-2.483450515726813279e+01,-2.481626467173148853e+01
1.004250000000000043e+01,-5.134559955464684577e+00,-2.445293995150689881e+01,-2.443413191096800219e+01
1.005000000000000071e+01,-5.319966939172799059e+00,-2.404760765573679748e+01,-2.402851072383543141e+01
1.005749999999999922e+01,-5.534675441480599645e+00,-2.362427706261565419e+01,-2.360505234253716722e+01
1.006499999999999950e+01,-5.782357694714070462e+00,-2.319085948850840495e+01,-2.317157101525421581e+01
1.007249999999999979e+01,-6.068036006673630745e+00,-2.275640361447176829e+01,-2.273704659984920440e+01
1.008000000000000007e+01,-6.398018536657906097e+00,-2.233008561120341184e+01,-2.231061521937169800e+01
1.008750000000000036e+01,-6.779872056069394581e+00,-2.192041192023327767e+01,-2.190076766547950271e+01
1.009500000000000064e+01,-7.222480401074337308e+00,-2.153471900889636714e+01,-2.151484269371291802e+01
1.010249999999999915e+01,-7.736240845141235667e+00,-2.117895227783766288e+01,-2.115879956047059096e+01
1.010999999999999943e+01,-8.333458071238752041e+00,-2.085765502512256830e+01,-2.083720184335027881e+01
1.011749999999999972e+01,-9.029012692841950738e+00,-2.057408847093061155e+01,-2.055333384301189881e+01
1.012500000000000000e+01,-9.841414214954028239e+00,-2.033041636067560276e+01,-2.030938290333298823e+01
1.013250000000000028e+01,-1.079439848806129731e+01,-2.012790711074395134e+01,-2.010664026176539920e+01
1.014000000000000057e+01,-1.191927244022119581e+01,-1.996712437203085955e+01,-1.994569095547045023e+01
1.014750000000000085e+01,-1.325808727566024636e+01,-1.984809029724236495e+01,-1.982657679151638774e+01
1.015499999999999936e+01,-1.486662863240679755e+01,-1.977041468857854056e+01,-1.974892536208583849e+01
1.016249999999999964e+01,-1.681004420536662280e+01,-1.973338862577404385e+01,-1.971204357672602470e+01
1.016999999999999993e+01,-1.911171738021960920e+01,-1.973604429382161030e+01,-1.971497735131708851e+01
1.017750000000000021e+01,-2.147641370447509246e+01,-1.977718446776186667e+01,-1.975654086343809723e+01
1.018500000000000050e+01,-2.258636542741705000e+01,-1.985538609739865379e+01,-1.983531979031929637e+01
1.019250000000000078e+01,-2.127333277458564709e+01,-1.996898305293007780e+01,-1.994965357913936188e+01
1.019999999999999929e+01,-1.891285788239290611e+01,-2.011603355081278721e+01,-2.009760227204997562e+01
1.020749999999999957e+01,-1.668634496534140510e+01,-2.029427815990643325e+01,-2.027690380565574912e+01
1.021499999999999986e+01,-1.482219495818883281e+01,-2.050109458469899693e+01,-2.048492802278727964e+01
1.022250000000000014e+01,-1.328537606686058581e+01,-2.073345556753233865e+01,-2.071863380672692045e+01
1.023000000000000043e+01,-1.201078519774776865e+01,-2.098789614088200040e+01,-2.097453566947042702e+01
1.023750000000000071e+01,-1.094428765035479856e+01,-2.126049597967574201e+01,-2.124868567849749112e+01
1.024499999999999922e+01,-1.004537771580091743e+01,-2.154688165994236471e+01,-2.153667569163365769e+01
1.025249999999999950e+01,-9.284062536071314042e+00,-2.184225218982988537e+01,-2.183366344246734059e+01
1.025999999999999979e+01,-8.637817857573597990e+00,-2.214142930485020599e+01,-2.213442412870806919e+01
1.026750000000000007e+01,-8.089373174289155699e+00,-2.243893190073544019e+01,-2.243342697884903458e+01
1.027500000000000036e+01,-7.625197799581923341e+00,-2.272907193886106114e+01,-2.272493412357676590e+01
1.028250000000000064e+01,-7.234476166319081969e+00,-2.300606762577061559e+01,-2.300311740378784719e+01
1.028999999999999915e+01,-6.908410415014500927e+00,-2.326416907465440076e+01,-2.326218795969142050e+01
1.029749999999999943e+01,-6.639742208975039972e+00,-2.349779229795540303e+01,-2.349653389945038029e+01
1.030499999999999972e+01,-6.422424516223788515e+00,-2.370165922645123047e+01,-2.370086306882697613e+01
1.031250000000000000e+01,-6.251399381521778764e+00,-2.387094397421284242e+01,-2.387035047452268088e+01
1.032000000000000028e+01,-6.122453448650716723e+00,-2.400142767553414558e+01,-2.400079221158556919e+01
1.032750000000000057e+01,-6.032132309692185501e+00,-2.408966439196966292e+01,-2.408876830387318790e+01
1.033500000000000085e+01,-5.977699802709502741e+00,-2.413315736464076267e+01,-2.413181416749637620e+01
1.034249999999999936e+01,-5.957130676333843411e+00,-2.413053768593126591e+01,-2.412859372816556203e+01
1.034999999999999964e+01,-5.969125785322942690e+00,-2.408172748440950173e+01,-2.407905756933566366e+01
1.035749999999999993e+01,-6.013139194311816205e+00,-2.398806033054296449e+01,-2.398456005708284877e+01
1.036500000000000021e+01,-6.089407106690554627e+00,-2.385232752146514912e+01,-2.384790486664109466e+01
1.037250000000000050e+01,-6.198970020079163312e+00,-2.367872415283266463e+01,-2.367329281918334516e+01
1.038000000000000078e+01,-6.343682197147683333e+00,-2.347268406517319050e+01,-2.346616034930069361e+01
1.038749999999999929e+01,-6.526206240837693962e+00,-2.324061396128306001e+01,-2.323291767800492735e+01
1.039499999999999957e+01,-6.749994641194429157e+00,-2.298955718688350913e+01,-2.298061598218567170e+01
1.040249999999999986e+01,-7.019263633238451483e+00,-2.272683005623888164e+01,-2.271658566437826465e+01
1.041000000000000014e+01,-7.338966356606166919e+00,-2.245967487357658499e+01,-2.244808968055430753e+01
1.041750000000000043e+01,-7.714770670828392518e+00,-2.219496516057014901e+01,-2.218202773292392038e+01
1.042500000000000071e+01,-8.153039929131717045e+00,-2.193898437148384772e+01,-2.192471315762708173e+01
1.043249999999999922e+01,-8.660798574809909667e+00,-2.169728448463099824e+01,-2.168172945574936250e+01
1.043999999999999950e+01,-9.245630039383728516e+00,-2.147461885851631536e+01,-2.145786127469175497e+01
1.044749999999999979e+01,-9.915383038146222461e+00,-2.127493614607175232e+01,-2.125708686190851893e+01
1.045500000000000007e+01,-1.067741210637111848e+01,-2.110141871596074736e+01,-2.108261550269034501e+01
1.046250000000000036e+01,-1.153676119167999126e+01,-2.095654889986672842e+01,-2.093695321312051050e+01
1.047000000000000064e+01,-1.249205270950107582e+01,-2.084218823773101548e+01,-2.082198175758104242e+01
1.047749999999999915e+01,-1.352668474131048448e+01,-2.075965769487321211e+01,-2.073903884857737978e+01
1.048499999999999943e+01,-1.459168764669551521e+01,-2.070980986876511309e+01,-2.068899044114630215e+01
1.049249999999999972e+01,-1.557915371843852093e+01,-2.069308708689711551e+01,-2.067228893925282662e+01
1.050000000000000000e+01,-1.630456005715715051e+01,-2.070956184418408697e+01,-2.068901370257731287e+01
1.050750000000000028e+01,-1.655725643062940478e+01,-2.075895820395745162e+01,-2.073889244026713286e+01
1.051500000000000057e+01,-1.624720869419022762e+01,-2.084065462913659772e+01,-2.082130394093633896e+01
1.052250000000000085e+01,-1.549037759049612006e+01,-2.095367028001520282e+01,-2.093526417637148285e+01
1.052999999999999936e+01,-1.450116004542430126e+01,-2.109663815841302181e+01,-2.107939917731834001e+01
1.053749999999999964e+01,-1.345418756345548417e+01,-2.126776960343483935e+01,-2.125190922291337614e+01
1.054499999999999993e+01,-1.244754517925175819e+01,-2.146481551278765210e+01,-2.145052977172495190e+01
1.055250000000000021e+01,-1.152427612874372009e+01,-2.168503019358939810e+01,-2.167249510844542471e+01
1.056000000000000050e+01,-1.069801395769009034e+01,-2.192514383464381567e+01,-2.191451077932011771e+01
1.056750000000000078e+01,-9.968771800516755377e+00,-2.218134915296026932e+01,-2.217274045069464705e+01
1.057499999999999929e+01,-9.330921211362309009e+00,-2.244930678661659584e+01,-2.244281182770419747e+01
1.058249999999999957e+01,-8.776901040852353120e+00,-2.272417259683216173e+01,-2.271984482095145452e+01
1.058999999999999986e+01,-8.298857774080843797e+00,-2.300064848241170878e+01,-2.299850352357453076e+01
1.059750000000000014e+01,-7.889333030025852622e+00,-2.327305703060419972e+01,-2.327307219536855953e+01
1.060500000000000043e+01,-7.541526525943099912e+00,-2.353543981619086622e+01,-2.353755484681291676e+01
1.061250000000000071e+01,-7.249378643648658027e+00,-2.378167975334763184e+01,-2.378579854045361230e+01
1.061999999999999922e+01,-7.007584069387927883e+00,-2.400564950811919829e+01,-2.401164212376897211e+01
1.062749999999999950e+01,-6.811586563161137420e+00,-2.420138980101408777e+01,-2.420909402272801003e+01
1.063499999999999979e+01,-6.657576370939098709e+00,-2.436332191231730704e+01,-2.437254342368355253e+01
1.064250000000000007e+01,-6.542498278755745744e+00,-2.448649586867070838e+01,-2.449700665621544005e+01
1.065000000000000036e+01,-6.464071586947513381e+00,-2.456686811118417069e+01,-2.457840325325326702e+01
1.065750000000000064e+01,-6.420819645849481283e+00,-2.460159008980216200e+01,-2.461384402878477573e+01
1.066499999999999915e+01,-6.412104526079282607e+00,-2.458927507759201347e+01,-2.460189929140504361e+01
1.067249999999999943e+01,-6.438161462615753727e+00,-2.453020003129620363e+01,-2.454280438697335853e+01
1.067999999999999972e+01,-6.500127955427680071e+00,-2.442639869602296088e+01,-2.443855837219287963e+01
1.068750000000000000e+01,-6.600063969636598138e+00,-2.428161490482704110e+01,-2.429288359213675008e+01
1.069500000000000028e+01,-6.740962536448604325e+00,-2.410110929282230074e+01,-2.411103777608282073e+01
1.070250000000000057e+01,-6.926753899173785811e+00,-2.389134108518428690e+01,-2.389949886997664308e+01
1.071000000000000085e+01,-7.162310546963084334e+00,-2.365956968289995999e+01,-2.366556658363707655e+01
1.071749999999999936e+01,-7.453464132374923778e+00,-2.341343140778119647e+01,-2.341693616939789280e+01
1.072499999999999964e+01,-7.807047194643885746e+00,-2.316054344640019735e+01,-2.316129734958248321e+01
1.073249999999999993e+01,-8.230971025058481771e+00,-2.290817341865439261e+01,-2.290599801073245345e+01
1.074000000000000021e+01,-8.734342416349171856e+00,-2.266299516557420546e+01,-2.265779435723641910e+01
1.074750000000000050e+01,-9.327598189202777945e+00,-2.243093473673080851e+01,-2.242269225695784485e+01
1.075500000000000078e+01,-1.002257647195539292e+01,-2.221709828721694890e+01,-2.220587183335688763e+01
1.076249999999999929e+01,-1.083229414097039367e+01,-2.202576643044926641e+01,-2.201167985894350210e+01
1.076999999999999957e+01,-1.176982214019668760e+01,-2.186043677616497405e+01,-2.184367147762014838e+01
1.077749999999999986e+01,-1.284469400311310672e+01,-2.172389657585043921e+01,-2.170468288510189936e+01
1.078500000000000014e+01,-1.405294618011686048e+01,-2.161830931568277236e+01,-2.159691850791666212e+01
1.079250000000000043e+01,-1.535203755293578709e+01,-2.154530177402458335e+01,-2.152203893860733785e+01
1.080000000000000071e+01,-1.660781117147186592e+01,-2.150604088000964609e+01,-2.148123876168078183e+01
1.080749999999999922e+01,-1.753018180903163170e+01,-2.150129233714611487e+01,-2.147530608890437875e+01
1.081499999999999950e+01,-1.774549208950109858e+01,-2.153145527697314776e+01,-2.150465797105682242e+01
1.082249999999999979e+01,-1.713820068582724332e+01,-2.159656918451399576e+01,-2.156934786589989983e+01
1.083000000000000007e+01,-1.599567032392613797e+01,-2.169629108186091671e+01,-2.166904311261811955e+01
1.083750000000000036e+01,-1.468017035504454171e+01,-2.182984261770457479e+01,-2.180297204326805982e+01
1.084500000000000064e+01,-1.340302940848987134e+01,-2.199592846779430744e+01,-2.196984213413517750e+01
1.085249999999999915e+01,-1.224656079304499912e+01,-2.219262949165827337e+01,-2.216773265490444089e+01
1.085999999999999943e+01,-1.123060934208056949e+01,-2.241727659658483063e+01,-2.239396779554563466e+01
1.086749999999999972e+01,-1.035093887081208130e+01,-2.266631439986998942e+01,-2.264497940926855435e+01
1.087500000000000000e+01,-9.595604842601648699e+00,-2.293516769847796155e+01,-2.291617244653586383e+01
1.088250000000000028e+01,-8.951156026837166380e+00,-2.321812852604977451e+01,-2.320181093921332405e+01
1.089000000000000057e+01,-8.404764381275333207e+00,-2.350828708034060099e+01,-2.349494789760930402e+01
1.089750000000000085e+01,-7.944827363272965570e+00,-2.379753546019381361e+01,-2.378742812079530466e+01
1.090499999999999936e+01,-7.561045001620580130e+00,-2.407667750290389108e+01,-2.406999723863053475e+01
1.091249999999999964e+01,-7.244357922842976194e+00,-2.433567828495100471e+01,-2.433255055147105850e+01
1.091999999999999993e+01,-6.986888575140270952e+00,-2.456407889858217786e+01,-2.456454731818002202e+01
1.092750000000000021e+01,-6.781929502846678837e+00,-2.475158148735789965e+01,-2.475559566715944726e+01
1.093500000000000050e+01,-6.623981616465513866e+00,-2.488877423397330446e+01,-2.489617829751642120e+01
1.094250000000000078e+01,-6.508828210177385110e+00,-2.496792060030635341e+01,-2.497844404091634019e+01
1.094999999999999929e+01,-6.433624297627455135e+00,-2.498369543126404579e+01,-2.499694871901712645e+01
1.095749999999999957e+01,-6.396981056467935467e+00,-2.493373277596362314e+01,-2.494921051091952080e+01
1.096499999999999986e+01,-6.399030019758761512e+00,-2.481887278050605161e+01,-2.483596655014904542e+01
1.097250000000000014e+01,-6.441460008117435798e+00,-2.464305744818832977e+01,-2.466107879186995433e+01
1.098000000000000043e+01,-6.527530434587522024e+00,-2.441290607444541649e+01,-2.443111761257651082e+01
1.098750000000000071e+01,-6.662076254775888273e+00,-2.413706878721691140e+01,-2.415471959352912279e+01
1.099499999999999922e+01,-6.851531652437389042e+00,-2.382548704865373423e+01,-2.384184753167259174e+01
1.100249999999999950e+01,-7.104011848402882023e+00,-2.348867974814276494e+01,-2.350307185496182782e+01
1.100999999999999979e+01,-7.429507335647947741e+00,-2.313713698080503178e+01,-2.314895702292286472e+01
1.101750000000000007e+01,-7.840267298464379309e+00,-2.278086069486739618e+01,-2.278959384653803255e+01
1.102500000000000036e+01,-8.351488691011722310e+00,-2.242905665886388178e+01,-2.243428363876729748e+01
1.103250000000000064e+01,-8.982504014940783321e+00,-2.208996106987638086e+01,-2.209135842801266492e+01
1.103999999999999915e+01,-9.758816881902852458e+00,-2.177077612765868508e+01,-2.176811192607914691e+01
1.104749999999999943e+01,-1.071567167128142373e+01,-2.147768773952268972e+01,-2.147081438421522748e+01
1.105499999999999972e+01,-1.190462992703900547e+01,-2.121594106773906674e+01,-2.120478679546037526e+01
1.106250000000000000e+01,-1.340665524373114081e+01,-2.098995315160863484e+01,-2.097451334225114650e+01
1.107000000000000028e+01,-1.536121010847342916e+01,-2.080344499783061352e+01,-2.078377416106356534e+01
1.107750000000000057e+01,-1.804234087001168163e+01,-2.065957791937619703e+01,-2.063578293971254496e+01
1.108500000000000085e+01,-2.211462219829185472e+01,-2.056108051644797285e+01,-2.053331554876741194e+01
1.109249999999999936e+01,-2.991906784628538674e+01,-2.051035362593398759e+01,-2.047881691180938191e+01
1.109999999999999964e+01,-3.158270916089252367e+01,-2.050954086047299540e+01,-2.047447367445043653e+01
1.110749999999999993e+01,-2.273531187446742408e+01,-2.056055199433139791e+01,-2.052223991565575290e+01
1.111500000000000021e+01,-1.829055072590732323e+01,-2.066502539880186262e+01,-2.062380212318124251e+01
1.112250000000000050e+01,-1.540043079385685942e+01,-2.082421401443293973e+01,-2.078046795329392538e+01
1.113000000000000078e+01,-1.329959800929007407e+01,-2.103877715179493180e+01,-2.099296108313583176e+01
1.113749999999999929e+01,-1.168530107534231632e+01,-2.130845822054575933e+01,-2.126110220159960207e+01
1.114499999999999957e+01,-1.040745673900431889e+01,-2.163162742208955791e+01,-2.158335494673692523e+01
1.115249999999999986e+01,-9.380461758460997501e+00,-2.200467101216158028e+01,-2.195621780520991706e+01
1.116000000000000014e+01,-8.550288886893889995e+00,-2.242122028278573964e+01,-2.237345384112227364e+01
1.116750000000000043e+01,-7.879883160723281321e+00,-2.287124431541183611e+01,-2.282517984126824473e+01
1.117500000000000071e+01,-7.341875246768744034e+00,-2.334009813038916548e+01,-2.329690232282817419e+01
1.118249999999999922e+01,-6.914676078763003275e+00,-2.380774321068592414e+01,-2.376871148639609999e+01
1.118999999999999950e+01,-6.580349010989728242e+00,-2.424854612257023234e+01,-2.421503319084112960e+01
1.119749999999999979e+01,-6.323538414833155485e+00,-2.463225374077140728e+01,-2.460553810640335826e+01
1.120500000000000007e+01,-6.131091098522013283e+00,-2.492675015777898651e+01,-2.490783022470709085e+01
1.121250000000000036e+01,-5.992144914432071090e+00,-2.510272374122894590e+01,-2.509208263618734591e+01
1.122000000000000064e+01,-5.898497134118326102e+00,-2.513930610474278637e+01,-2.513672790717646066e+01
1.122749999999999915e+01,-5.845065658542503151e+00,-2.502864603013890843e+01,-2.503317477250717715e+01
1.123499999999999943e+01,-5.830262106324689775e+00,-2.477736087838481183e+01,-2.478743586316824121e+01
1.124249999999999972e+01,-5.856135538500093496e+00,-2.440430837017023791e+01,-2.441802031028974795e+01
1.125000000000000000e+01,-5.928223658009529551e+00,-2.393601405021554029e+01,-2.395137986882743064e+01
1.125750000000000028e+01,-6.055142835155733039e+00,-2.340182579650429062e+01,-2.341700222464752557e+01
1.126500000000000057e+01,-6.248023518784769692e+00,-2.283022542467100635e+01,-2.284363412775466884e+01
1.127250000000000085e+01,-6.519925125432748381e+00,-2.224667043300099678e+01,-2.225704598950486712e+01
1.127999999999999936e+01,-6.885334885740242328e+00,-2.167267560059345399e+01,-2.167906100115563106e+01
1.128749999999999964e+01,-7.359768246122789570e+00,-2.112568133825034522e+01,-2.112739383157313355e+01
1.129499999999999993e+01,-7.959323685144549465e+00,-2.061934837153546596e+01,-2.061593214347794145e+01
1.130250000000000021e+01,-8.699708541132084250e+00,-2.016405541729223572e+01,-2.015523160486857179e+01
1.131000000000000050e+01,-9.593472920085865496e+00,-1.976747573794191126e+01,-1.975309575956976005e+01
1.131750000000000078e+01,-1.064230794387239243e+01,-1.943516415186419977e+01,-1.941516918583972284e+01
1.132499999999999929e+01,-1.181714394823423042e+01,-1.917111424171872258e+01,-1.914550163222168777e+01
1.133249999999999957e+01,-1.301346833245284174e+01,-1.897826027283257488e+01,-1.894705642501910958e+01
1.133999999999999986e+01,-1.398402991292650910e+01,-1.885890762230966544e+01,-1.882214632244048147e+01
1.134750000000000014e+01,-1.435484754159677934e+01,-1.881508272488199651e+01,-1.877278757317503022e+01
1.135500000000000043e+01,-1.391164636115992792e+01,-1.884879980731691518e+01,-1.880096940857121268e+01
1.136250000000000071e+01,-1.285693441081209443e+01,-1.896224741060208885e+01,-1.890884200660452308e+01
1.136999999999999922e+01,-1.156496950055654338e+01,-1.915790332421123310e+01,-1.909883158903264189e+01
1.137749999999999950e+01,-1.028771160212270530e+01,-1.943859281070744061e+01,-1.937369750899869913e+01
1.138499999999999979e+01,-9.132787778950865132e+00,-1.980751284243163823e+01,-1.973655392855006596e+01
1.139250000000000007e+01,-8.130742118337002111e+00,-2.026825543077147884e+01,-2.019088890046596063e+01
1.140000000000000036e+01,-7.280735371086940688e+00,-2.082487645236458462e+01,-2.074062679954169397e+01
1.140750000000000064e+01,-6.571072520636128900e+00,-2.148207183161069977e+01,-2.139029526341111520e+01
1.141499999999999915e+01,-5.987198085081246290e+00,-2.224553654026126281e+01,-2.214537118971929885e+01
1.142249999999999943e+01,-5.514578085475129399e+00,-2.312258151879469636e+01,-2.301288015640585627e+01
1.142999999999999972e+01,-5.139676753087409011e+00,-2.412303482186075598e+01,-2.400227685377209852e+01
1.143750000000000000e+01,-4.850299855405660665e+00,-2.526025521963229181e+01,-2.512644536248948413e+01
1.144500000000000028e+01,-4.635777139815396630e+00,-2.655142743962926843e+01,-2.640203577756497921e+01
1.145250000000000057e+01,-4.487124134797685571e+00,-2.801417582268861395e+01,-2.784635946118796568e+01
1.146000000000000085e+01,-4.397178942640707966e+00,-2.964967343554748425e+01,-2.946170050945378094e+01
1.146749999999999936e+01,-4.360647775630012823e+00,-3.138264363302630144e+01,-3.117953326711818107e+01
1.147499999999999964e+01,-4.373975870319625869e+00,-3.290233545415538430e+01,-3.271076558916625032e+01
1.148249999999999993e+01,-4.434971283120592744e+00,-3.352161375225269779e+01,-3.339531882642393157e+01
1.149000000000000021e+01,-4.542134528758868584e+00,-3.276366547529124773e+01,-3.272143187512149609e+01
1.149750000000000050e+01,-4.693674224072426071e+00,-3.111886445367362697e+01,-3.112053735745261207e+01
1.150500000000000078e+01,-4.886212004406296217e+00,-2.928667794055217399e+01,-2.929716075819330356e+01
1.151249999999999929e+01,-5.113211267775580993e+00,-2.758752419210035001e+01,-2.759258358211393869e+01
1.151999999999999957e+01,-5.363244908908720632e+00,-2.610304187715964375e+01,-2.609866662591322140e+01
1.152749999999999986e+01,-5.618417309554788019e+00,-2.483525080952032482e+01,-2.482096567631341344e+01
1.153500000000000014e+01,-5.853633740871714508e+00,-2.376721925042425099e+01,-2.374357603590119226e+01
1.154250000000000043e+01,-6.037871691371751837e+00,-2.288093188652933208e+01,-2.284867004901183662e+01
1.155000000000000071e+01,-6.138671153496408905e+00,-2.216173219066146416e+01,-2.212151306339227830e+01
1.155749999999999922e+01,-6.129885454702421299e+00,-2.159898313128953617e+01,-2.155131519294255327e+01
1.156499999999999950e+01,-6.000148290776038174e+00,-2.118581088738227791e+01,-2.113103592175395207e+01
1.157249999999999979e+01,-5.757511680550321032e+00,-2.091873822247573145e+01,-2.085703328059479844e+01
1.158000000000000007e+01,-5.427234939964514560e+00,-2.079740606613001219e+01,-2.072878515471021998e+01
1.158750000000000036e+01,-5.044190455119244021e+00,-2.082440933875068367e+01,-2.074871878322916885e+01
1.159500000000000064e+01,-4.644324466387930173e+00,-2.100522772812498573e+01,-2.092213271219560511e+01
1.160249999999999915e+01,-4.258658896335680843e+00,-2.134821097776597654e+01,-2.125717264257406924e+01
1.160999999999999943e+01,-3.910599955828238272e+00,-2.186452552279241601e+01,-2.176477140942460409e+01
1.161749999999999972e+01,-3.615566766238362373e+00,-2.256780295766651534e+01,-2.245830410653961451e+01
1.162500000000000000e+01,-3.381680857694818521e+00,-2.347274774701078925e+01,-2.335224886563464963e+01
1.163250000000000028e+01,-3.210689574933065060e+00,-2.459061567028692963e+01,-2.445786562142306764e+01
1.164000000000000057e+01,-3.098780260517798091e+00,-2.591590175763321469e+01,-2.577052084864661197e+01
1.164750000000000085e+01,-3.037266689102819051e+00,-2.739060048894245725e+01,-2.723569087296056068e+01
1.165499999999999936e+01,-3.013311568382137651e+00,-2.882622033952027962e+01,-2.867415763711048982e+01
1.166249999999999964e+01,-3.010937107269988200e+00,-2.982529234091519399e+01,-2.970175429988375271e+01
1.166999999999999993e+01,-3.012569506208334857e+00,-2.996770499588180314e+01,-2.989378654883370245e+01
1.167750000000000021e+01,-3.001215131510113654e+00,-2.929708801704245502e+01,-2.926401182861395256e+01
1.168500000000000050e+01,-2.963048010501940777e+00,-2.826199405450260826e+01,-2.824709287734382457e+01
1.169250000000000078e+01,-2.889800001673714203e+00,-2.723271472229140144e+01,-2.722069088720301977e+01
1.169999999999999929e+01,-2.780148758095349670e+00,-2.637531751225242616e+01,-2.635936800379225531e+01
1.170749999999999957e+01,-2.639539515318501284e+00,-2.574036195995266496e+01,-2.571807330135877123e+01
1.171499999999999986e+01,-2.478491254612193107e+00,-2.533407378241367525e+01,-2.530485564385800856e+01
1.172250000000000014e+01,-2.310026181997101524e+00,-2.514915878980252373e+01,-2.511312124332804174e+01
1.173000000000000043e+01,-2.147050920156189147e+00,-2.517544041949039269e+01,-2.513296740597533585e+01
1.173750000000000071e+01,-2.000292922965703823e+00,-2.540224106093853962e+01,-2.535387236853031112e+01
1.174499999999999922e+01,-1.877021238429671390e+00,-2.581693181210806642e+01,-2.576340494226264966e+01
1.175249999999999950e+01,-1.780504752202558771e+00,-2.640058276960965955e+01,-2.634299516672141905e+01
1.175999999999999979e+01,-1.710058337509864357e+00,-2.712012243478045903e+01,-2.706020814478716119e+01
1.176750000000000007e+01,-1.661544336032366953e+00,-2.791657836694483308e+01,-2.785703252426767307e+01
1.177500000000000036e+01,-1.628248287982970499e+00,-2.869319040192496928e+01,-2.863772811955237785e+01
1.178250000000000064e+01,-1.602069681464933781e+00,-2.931882295688135187e+01,-2.927128827665080024e+01
1.178999999999999915e+01,-1.574930632006980691e+00,-2.967087237873733940e+01,-2.963309714789620131e+01
1.179749999999999943e+01,-1.540216563010622597e+00,-2.970874851238199454e+01,-2.967887332949406343e+01
1.180499999999999972e+01,-1.493973803727056904e+00,-2.950518154058173792e+01,-2.947870749222186859e+01
1.181250000000000000e+01,-1.435574248717616852e+00,-2.919522403852495529e+01,-2.916759415893009688e+01
1.182000000000000028e+01,-1.367665186001421951e+00,-2.890627530683987345e+01,-2.887432537702520108e+01
1.182750000000000057e+01,-1.295424766214037016e+00,-2.872789240343532668e+01,-2.868985320057518962e+01
1.183500000000000085e+01,-1.225342264705042927e+00,-2.871498299848570923e+01,-2.866998571015664155e+01
1.184249999999999936e+01,-1.163841446058075269e+00,-2.890025896651722093e+01,-2.884792035622939821e+01
1.184999999999999964e+01,-1.116040712154594328e+00,-2.930406546523373734e+01,-2.924428595288978272e+01
1.185749999999999993e+01,-1.084844514326519294e+00,-2.993874054207269353e+01,-2.987172906144449058e+01
1.186500000000000021e+01,-1.070456504948914311e+00,-3.080609219653410591e+01,-3.073269691106256474e+01
1.187250000000000050e+01,-1.070337297408225696e+00,-3.188338524283827979e+01,-3.180596768483009384e+01
1.188000000000000078e+01,-1.079598273741001702e+00,-3.308761739890798736e+01,-3.301177871369154104e+01
1.188749999999999929e+01,-1.091800337258264531e+00,-3.421341698044849977e+01,-3.414975240399942180e+01
1.189499999999999957e+01,-1.100081186351593798e+00,-3.491297567158921566e+01,-3.487359014890628828e+01
1.190249999999999986e+01,-1.098453415062240923e+00,-3.490627916567554934e+01,-3.489226049370615357e+01
1.191000000000000014e+01,-1.083021983370389352e+00,-3.429501465220282341e+01,-3.429340129496018363e+01
1.191750000000000043e+01,-1.052822255529821449e+00,-3.344114707538727771e+01,-3.343855578469900536e+01
1.192500000000000071e+01,-1.010037801051326456e+00,-3.263975306118317121e+01,-3.262928009947365382e+01
1.193249999999999922e+01,-9.595250444059831851e-01,-3.203874790054518229e+01,-3.201799206132813680e+01
1.193999999999999950e+01,-9.077784107237331090e-01,-3.169776777199368567e+01,-3.166616745646498998e+01
1.194749999999999979e+01,-8.616137355356445759e-01,-3.164110445013231754e+01,-3.159858447340884524e+01
1.195500000000000007e+01,-8.268737443661123843e-01,-3.188443430310180204e+01,-3.183086852525435972e+01
1.196250000000000036e+01,-8.073887968773635349e-01,-3.244677500283945903e+01,-3.238181676055667424e+01
1.197000000000000064e+01,-8.043239183754078425e-01,-3.335539233370916889e+01,-3.327855395485111245e+01
1.197749999999999915e+01,-8.159641131308537076e-01,-3.464348311265232638e+01,-3.455474244031780273e+01
1.198499999999999943e+01,-8.379499215088549446e-01,-3.632458599710477642e+01,-3.622681604568101221e+01
1.199249999999999972e+01,-8.639547298367354911e-01,-3.827647653362199520e+01,-3.818370788793594528e+01
1.200000000000000000e+01,-8.867592620470053921e-01,-3.989239151152554541e+01,-3.984382501587050740e+01
