f_GHz,S11_dB
9.000000000000000000e+00,-5.219537036993857626e+00
9.007500000000000284e+00,-5.068441564951642775e+00
9.015000000000000568e+00,-4.932238050470632018e+00
9.022500000000000853e+00,-4.805364176981551161e+00
9.029999999999999361e+00,-4.682800405174583958e+00
9.037499999999999645e+00,-4.560765842623438537e+00
9.044999999999999929e+00,-4.437209472307521274e+00
9.052500000000000213e+00,-4.311970540429553189e+00
9.060000000000000497e+00,-4.186562635302003343e+00
9.067500000000000782e+00,-4.063638700799297787e+00
9.074999999999999289e+00,-3.946274853320195675e+00
9.082499999999999574e+00,-3.837238973409153875e+00
9.089999999999999858e+00,-3.738386466541280928e+00
9.097500000000000142e+00,-3.650274980813931869e+00
9.105000000000000426e+00,-3.572039073706894108e+00
9.112500000000000711e+00,-3.501527576849462697e+00
9.119999999999999218e+00,-3.435677462146716543e+00
9.127499999999999503e+00,-3.371068183329414047e+00
9.134999999999999787e+00,-3.304564782389906696e+00
9.142500000000000071e+00,-3.233924726909902958e+00
9.150000000000000355e+00,-3.158232072101246679e+00
9.157500000000000639e+00,-3.078051131284451625e+00
9.164999999999999147e+00,-2.995260346609790680e+00
9.172499999999999432e+00,-2.912611763109507201e+00
9.179999999999999716e+00,-2.833128109262363914e+00
9.187500000000000000e+00,-2.759475177187693529e+00
9.195000000000000284e+00,-2.693432873129377292e+00
9.202500000000000568e+00,-2.635552167194108009e+00
9.210000000000000853e+00,-2.585046369695214175e+00
9.217499999999999361e+00,-2.539931840935854002e+00
9.224999999999999645e+00,-2.497401730041941992e+00
9.232499999999999929e+00,-2.454379273635725500e+00
9.240000000000000213e+00,-2.408154167896243258e+00
9.247500000000000497e+00,-2.356969255429303800e+00
9.255000000000000782e+00,-2.300416840704208710e+00
9.262499999999999289e+00,-2.239540202487523057e+00
9.269999999999999574e+00,-2.176611008587346241e+00
9.277499999999999858e+00,-2.114639343391632842e+00
9.285000000000000142e+00,-2.056735854164402522e+00
9.292500000000000426e+00,-2.005466549787428221e+00
9.300000000000000711e+00,-1.962325116389632029e+00
9.307499999999999218e+00,-1.927413973669039882e+00
9.314999999999999503e+00,-1.899389438383615181e+00
9.322499999999999787e+00,-1.875691479684491680e+00
9.330000000000000071e+00,-1.853037686498927306e+00
9.337500000000000355e+00,-1.828108056867726372e+00
9.345000000000000639e+00,-1.798288655429454375e+00
9.352499999999999147e+00,-1.762301311217522759e+00
9.359999999999999432e+00,-1.720552292851680765e+00
9.367499999999999716e+00,-1.675097869331671152e+00
9.375000000000000000e+00,-1.629229325151341223e+00
9.382500000000000284e+00,-1.586781015360965164e+00
9.390000000000000568e+00,-1.551323799934732683e+00
9.397500000000000853e+00,-1.525412557161377247e+00
9.404999999999999361e+00,-1.510027915898420003e+00
9.412499999999999645e+00,-1.504313377744033176e+00
9.419999999999999929e+00,-1.505671087692061150e+00
9.427500000000000213e+00,-1.510235756658288242e+00
9.435000000000000497e+00,-1.513681918237114177e+00
9.442500000000000782e+00,-1.512231514361295437e+00
9.449999999999999289e+00,-1.503640721101924038e+00
9.457499999999999574e+00,-1.487904966903662585e+00
9.464999999999999858e+00,-1.467471096459036506e+00
9.472500000000000142e+00,-1.446881998775866762e+00
9.480000000000000426e+00,-1.431943432637976521e+00
9.487500000000000711e+00,-1.428620878172230491e+00
9.494999999999999218e+00,-1.441909171215882246e+00
9.502499999999999503e+00,-1.474888093926405075e+00
9.509999999999999787e+00,-1.528128923540634343e+00
9.517500000000000071e+00,-1.599581700000770379e+00
9.525000000000000355e+00,-1.685045641274062422e+00
9.532500000000000639e+00,-1.779269878145922634e+00
9.539999999999999147e+00,-1.877610272978589290e+00
9.547499999999999432e+00,-1.977982853140513253e+00
9.554999999999999716e+00,-2.082681472126099109e+00
9.562500000000000000e+00,-2.199593738474786786e+00
9.570000000000000284e+00,-2.342534668775817064e+00
9.577500000000000568e+00,-2.530758084495777105e+00
9.585000000000000853e+00,-2.788023096215834329e+00
9.592499999999999361e+00,-3.141745583189396562e+00
9.599999999999999645e+00,-3.622764761655692833e+00
9.607499999999999929e+00,-4.266246931201570725e+00
9.615000000000000213e+00,-5.114428870939100591e+00
9.622500000000000497e+00,-6.222549345651757768e+00
9.630000000000000782e+00,-7.671104934743709691e+00
9.637499999999999289e+00,-9.592762262723299571e+00
9.644999999999999574e+00,-1.223989282366106934e+01
9.652499999999999858e+00,-1.619277968040281479e+01
9.660000000000000142e+00,-2.310528607081579366e+01
9.667500000000000426e+00,-2.536953801818395959e+01
9.675000000000000711e+00,-1.763016972666613214e+01
9.682499999999999218e+00,-1.337926774018712095e+01
9.689999999999999503e+00,-1.065730617906142186e+01
9.697499999999999787e+00,-8.736277783808908737e+00
9.705000000000000071e+00,-7.314816613961441227e+00
9.712500000000000355e+00,-6.240214845458037729e+00
9.720000000000000639e+00,-5.423026360575772031e+00
9.727499999999999147e+00,-4.804192716684406506e+00
9.734999999999999432e+00,-4.340229412604388770e+00
9.742499999999999716e+00,-3.995982565123280317e+00
9.750000000000000000e+00,-3.741224903017852821e+00
9.757500000000000284e+00,-3.549556721285277661e+00
9.765000000000000568e+00,-3.398763194916096353e+00
9.772500000000000853e+00,-3.271886970442747788e+00
9.779999999999999361e+00,-3.158236475365325813e+00
9.787499999999999645e+00,-3.053651380447292674e+00
9.794999999999999929e+00,-2.959697615247540714e+00
9.802500000000000213e+00,-2.881937114100006525e+00
9.810000000000000497e+00,-2.827759085925624305e+00
9.817500000000000782e+00,-2.804322450631349106e+00
9.824999999999999289e+00,-2.817003529383417249e+00
9.832499999999999574e+00,-2.868533069312848571e+00
9.839999999999999858e+00,-2.958857831483237000e+00
9.847500000000000142e+00,-3.085688397841805930e+00
9.855000000000000426e+00,-3.245648171490771450e+00
9.862500000000000711e+00,-3.435868313298146681e+00
9.869999999999999218e+00,-3.655770260664201299e+00
9.877499999999999503e+00,-3.908689249667784971e+00
9.884999999999999787e+00,-4.203000481976026492e+00
9.892500000000000071e+00,-4.552566182979293608e+00
9.900000000000000355e+00,-4.976590202084348213e+00
9.907500000000000639e+00,-5.499234786855890178e+00
9.914999999999999147e+00,-6.149521242817059807e+00
9.922499999999999432e+00,-6.962089615238882701e+00
9.929999999999999716e+00,-7.979388846859240658e+00
9.937500000000000000e+00,-9.255776381062402081e+00
9.945000000000000284e+00,-1.086309199338557008e+01
9.952500000000000568e+00,-1.289071180344140899e+01
9.960000000000000853e+00,-1.539099368367797993e+01
9.967499999999999361e+00,-1.799589263020830998e+01
9.974999999999999645e+00,-1.887697639188902343e+01
9.982499999999999929e+00,-1.697321890913284648e+01
9.990000000000000213e+00,-1.438283877149055456e+01
9.997500000000000497e+00,-1.216787737049499718e+01
1.000500000000000078e+01,-1.040776629428319211e+01
1.001249999999999929e+01,-9.015402121508897082e+00
1.001999999999999957e+01,-7.906957338804689428e+00
1.002749999999999986e+01,-7.018879504162834237e+00
1.003500000000000014e+01,-6.303488174122998444e+00
1.004250000000000043e+01,-5.723887638606115047e+00
1.005000000000000071e+01,-5.250685451633034795e+00
1.005749999999999922e+01,-4.860269072935202495e+00
1.006499999999999950e+01,-4.534080770096704960e+00
1.007249999999999979e+01,-4.258363399702053798e+00
1.008000000000000007e+01,-4.023941175693513728e+00
1.008750000000000036e+01,-3.825743139079374355e+00
1.009500000000000064e+01,-3.661963425873286937e+00
1.010249999999999915e+01,-3.532931461273992824e+00
1.010999999999999943e+01,-3.439880454134424781e+00
1.011749999999999972e+01,-3.383832832182460670e+00
1.012500000000000000e+01,-3.364787850498601074e+00
1.013250000000000028e+01,-3.381337085237757556e+00
1.014000000000000057e+01,-3.430771965306414373e+00
1.014750000000000085e+01,-3.509684453302788221e+00
1.015499999999999936e+01,-3.614985695241577091e+00
1.016249999999999964e+01,-3.745175394403200464e+00
1.016999999999999993e+01,-3.901611190719775912e+00
1.017750000000000021e+01,-4.089501338828521959e+00
1.018500000000000050e+01,-4.318418228707522566e+00
1.019250000000000078e+01,-4.602300421891912130e+00
1.019999999999999929e+01,-4.959115227468512188e+00
1.020749999999999957e+01,-5.410514992576189286e+00
1.021499999999999986e+01,-5.981905772079249672e+00
1.022250000000000014e+01,-6.703398123249435514e+00
1.023000000000000043e+01,-7.612231196467151406e+00
1.023750000000000071e+01,-8.757615112500543475e+00
1.024499999999999922e+01,-1.020977227256108399e+01
1.025249999999999950e+01,-1.207648507902251822e+01
1.025999999999999979e+01,-1.453004463242587008e+01
1.026750000000000007e+01,-1.780324483514520040e+01
1.027500000000000036e+01,-2.151689421160624960e+01
1.028250000000000064e+01,-2.152356702947309230e+01
1.028999999999999915e+01,-1.786950836774314766e+01
1.029749999999999943e+01,-1.466678522508028237e+01
1.030499999999999972e+01,-1.227448824680881678e+01
1.031250000000000000e+01,-1.045715335065159124e+01
1.032000000000000028e+01,-9.041223267159876897e+00
1.032750000000000057e+01,-7.918126260373620440e+00
1.033500000000000085e+01,-7.017656791796418325e+00
1.034249999999999936e+01,-6.291746366456201223e+00
1.034999999999999964e+01,-5.705602646183455917e+00
1.035749999999999993e+01,-5.232842586868482471e+00
1.036500000000000021e+01,-4.852777004530833160e+00
1.037250000000000050e+01,-4.548877795445719130e+00
1.038000000000000078e+01,-4.307892686384691139e+00
1.038749999999999929e+01,-4.119297303670560240e+00
1.039499999999999957e+01,-3.974907375897050343e+00
1.040249999999999986e+01,-3.868564803169828537e+00
1.041000000000000014e+01,-3.795876163688032712e+00
1.041750000000000043e+01,-3.754022361509745220e+00
1.042500000000000071e+01,-3.741671984253524652e+00
1.043249999999999922e+01,-3.759020636221961364e+00
1.043999999999999950e+01,-3.807952062701621010e+00
1.044749999999999979e+01,-3.892287153578340320e+00
1.045500000000000007e+01,-4.018068336192542667e+00
1.046250000000000036e+01,-4.193831003105638722e+00
1.047000000000000064e+01,-4.430845312288851368e+00
1.047749999999999915e+01,-4.743368340712163622e+00
1.048499999999999943e+01,-5.149022676269163767e+00
1.049249999999999972e+01,-5.669514809385924003e+00
1.050000000000000000e+01,-6.332049645136333282e+00
1.050750000000000028e+01,-7.172061390785798629e+00
1.051500000000000057e+01,-8.238463492557501766e+00
1.052250000000000085e+01,-9.604066930135481073e+00
1.052999999999999936e+01,-1.138783362523136233e+01
1.053749999999999964e+01,-1.380844515702106889e+01
1.054499999999999993e+01,-1.733670203838408241e+01
1.055250000000000021e+01,-2.316019493961107401e+01
1.056000000000000050e+01,-2.762562369652417615e+01
1.056750000000000078e+01,-2.022673507129784198e+01
1.057499999999999929e+01,-1.557152330338626989e+01
1.058249999999999957e+01,-1.257245548608841546e+01
1.058999999999999986e+01,-1.043535154025582834e+01
1.059750000000000014e+01,-8.830152118121933569e+00
1.060500000000000043e+01,-7.592926377813677519e+00
1.061250000000000071e+01,-6.630226019077776201e+00
1.061999999999999922e+01,-5.882514614145445186e+00
1.062749999999999950e+01,-5.307785869195762452e+00
1.063499999999999979e+01,-4.873380998192835989e+00
1.064250000000000007e+01,-4.551736500055932666e+00
1.065000000000000036e+01,-4.318389890180470481e+00
1.065750000000000064e+01,-4.151520994232331674e+00
1.066499999999999915e+01,-4.032603977194610501e+00
1.067249999999999943e+01,-3.947732956189053954e+00
1.067999999999999972e+01,-3.889060794967186929e+00
1.068750000000000000e+01,-3.855748695073050847e+00
1.069500000000000028e+01,-3.854002694258092276e+00
1.070250000000000057e+01,-3.896147453929561966e+00
1.071000000000000085e+01,-3.999064750064710516e+00
1.071749999999999936e+01,-4.182502182830745596e+00
1.072499999999999964e+01,-4.467688393580392159e+00
1.073249999999999993e+01,-4.876472080664067121e+00
1.074000000000000021e+01,-5.430936820085542571e+00
1.074750000000000050e+01,-6.153106808777399017e+00
1.075500000000000078e+01,-7.063679533174060055e+00
1.076249999999999929e+01,-8.176906844613966996e+00
1.076999999999999957e+01,-9.483795342075225676e+00
1.077749999999999986e+01,-1.090472249174246500e+01
1.078500000000000014e+01,-1.218825557438762175e+01
1.079250000000000043e+01,-1.284624313762411063e+01
1.080000000000000071e+01,-1.249401053556873187e+01
1.080749999999999922e+01,-1.135880225967030555e+01
1.081499999999999950e+01,-9.957467162922744919e+00
1.082249999999999979e+01,-8.611923596813600312e+00
1.083000000000000007e+01,-7.437523471117293283e+00
1.083750000000000036e+01,-6.455091138109125382e+00
1.084500000000000064e+01,-5.653066481036638002e+00
1.085249999999999915e+01,-5.011031444079607766e+00
1.085999999999999943e+01,-4.507466649990031549e+00
1.086749999999999972e+01,-4.122103750776872744e+00
1.087500000000000000e+01,-3.836673953830020523e+00
1.088250000000000028e+01,-3.635332749042199385e+00
1.089000000000000057e+01,-3.505096105104785309e+00
1.089750000000000085e+01,-3.436246076874633903e+00
1.090499999999999936e+01,-3.422519361464899657e+00
1.091249999999999964e+01,-3.460878896587067377e+00
1.091999999999999993e+01,-3.550739105535516860e+00
1.092750000000000021e+01,-3.692617625399292614e+00
1.093500000000000050e+01,-3.886266434490778465e+00
1.094250000000000078e+01,-4.128372220578392593e+00
1.094999999999999929e+01,-4.409955007652969883e+00
1.095749999999999957e+01,-4.713760357770627962e+00
1.096499999999999986e+01,-5.012404726422304613e+00
1.097250000000000014e+01,-5.268833731141551624e+00
1.098000000000000043e+01,-5.441234263483618605e+00
1.098750000000000071e+01,-5.493381145549025568e+00
1.099499999999999922e+01,-5.407338580501745540e+00
1.100249999999999950e+01,-5.191209592288977603e+00
1.100999999999999979e+01,-4.876304832084775498e+00
1.101750000000000007e+01,-4.505874922453033449e+00
1.102500000000000036e+01,-4.122846540359990541e+00
1.103250000000000064e+01,-3.761972849609673375e+00
1.103999999999999915e+01,-3.447003126455466138e+00
1.104749999999999943e+01,-3.190936006171823713e+00
1.105499999999999972e+01,-2.997449836787690280e+00
1.106250000000000000e+01,-2.862514199009366322e+00
1.107000000000000028e+01,-2.775943759990822990e+00
1.107750000000000057e+01,-2.723049711634945247e+00
1.108500000000000085e+01,-2.686643647420896563e+00
1.109249999999999936e+01,-2.649513214093297986e+00
1.109999999999999964e+01,-2.597163095396919807e+00
1.110749999999999993e+01,-2.520235788654736631e+00
1.111500000000000021e+01,-2.415858542816308407e+00
1.112250000000000050e+01,-2.287424280697041734e+00
1.113000000000000078e+01,-2.142916495303143432e+00
1.113749999999999929e+01,-1.992439501802240054e+00
1.114499999999999957e+01,-1.845776147419778690e+00
1.115249999999999986e+01,-1.710567882012740348e+00
1.116000000000000014e+01,-1.591349019326640857e+00
1.116750000000000043e+01,-1.489391091145278123e+00
1.117500000000000071e+01,-1.403183866363750587e+00
1.118249999999999922e+01,-1.329344201249631929e+00
1.118999999999999950e+01,-1.263735501050115007e+00
1.119749999999999979e+01,-1.202571257604569066e+00
1.120500000000000007e+01,-1.143279801709044863e+00
1.121250000000000036e+01,-1.084953886636198517e+00
1.122000000000000064e+01,-1.028309926596854940e+00
1.122749999999999915e+01,-9.752129379587410885e-01
1.123499999999999943e+01,-9.279351479635016275e-01
1.124249999999999972e+01,-8.883680921125693963e-01
1.125000000000000000e+01,-8.573920055612991309e-01
1.125750000000000028e+01,-8.345438758213684638e-01
1.126500000000000057e+01,-8.180452572164313985e-01
1.127250000000000085e+01,-8.051710000120166910e-01
1.127999999999999936e+01,-7.928671610304215411e-01
1.128749999999999964e+01,-7.784664857000183069e-01
1.129499999999999993e+01,-7.603170509535959187e-01
1.130250000000000021e+01,-7.381527627735712249e-01
1.131000000000000050e+01,-7.131016288213807286e-01
1.131750000000000078e+01,-6.873325304008925940e-01
1.132499999999999929e+01,-6.634453564795933511e-01
1.133249999999999957e+01,-6.437743245773819289e-01
1.133999999999999986e+01,-6.297833362555110837e-01
1.134750000000000014e+01,-6.216945073458042259e-01
1.135500000000000043e+01,-6.184281789439104449e-01
1.136250000000000071e+01,-6.178626800807607289e-01
1.136999999999999922e+01,-6.173537324579637664e-01
1.137749999999999950e+01,-6.143925049192057175e-01
1.138499999999999979e+01,-6.072393723859769166e-01
1.139250000000000007e+01,-5.953651599548049900e-01
1.140000000000000036e+01,-5.795761739404479140e-01
1.140750000000000064e+01,-5.617872983765657136e-01
1.141499999999999915e+01,-5.445093235563552847e-01
1.142249999999999943e+01,-5.301942709782544449e-01
1.142999999999999972e+01,-5.206110988595189504e-01
1.143750000000000000e+01,-5.164036519240204903e-01
1.144500000000000028e+01,-5.169301402983943472e-01
1.145250000000000057e+01,-5.204176072057594693e-01
1.146000000000000085e+01,-5.243970176982820641e-01
1.146749999999999936e+01,-5.263207823574154176e-01
1.147499999999999964e+01,-5.242139192451910068e-01
1.148249999999999993e+01,-5.171892021476619528e-01
1.149000000000000021e+01,-5.056823588378583922e-01
1.149750000000000050e+01,-4.913377557186892064e-01
1.150500000000000078e+01,-4.765760851538716758e-01
1.151249999999999929e+01,-4.639656617123915083e-01
1.151999999999999957e+01,-4.555662655458281307e-01
1.152749999999999986e+01,-4.524100496600543808e-01
1.153500000000000014e+01,-4.542404497407248609e-01
1.154250000000000043e+01,-4.595669845041376878e-01
1.155000000000000071e+01,-4.660252390821956747e-01
1.155749999999999922e+01,-4.709638877280233893e-01
1.156499999999999950e+01,-4.721216410053872270e-01
1.157249999999999979e+01,-4.682216048465792646e-01
1.158000000000000007e+01,-4.593184888227223039e-01
1.158750000000000036e+01,-4.467953368032057671e-01
1.159500000000000064e+01,-4.330068068990429175e-01
1.160249999999999915e+01,-4.206689487268556182e-01
1.160999999999999943e+01,-4.121622643160650634e-01
1.161749999999999972e+01,-4.089272080121869601e-01
1.162500000000000000e+01,-4.110966333129573713e-01
1.163250000000000028e+01,-4.174485606907973878e-01
1.164000000000000057e+01,-4.256922458797505193e-01
1.164750000000000085e+01,-4.330289306758628443e-01
1.165499999999999936e+01,-4.368613740639205045e-01
1.166249999999999964e+01,-4.354763690381830976e-01
1.166999999999999993e+01,-4.285139649471157997e-01
1.167750000000000021e+01,-4.170839151913582343e-01
1.168500000000000050e+01,-4.034887339276810869e-01
1.169250000000000078e+01,-3.906294448948274822e-01
1.169999999999999929e+01,-3.812589007530861052e-01
1.170749999999999957e+01,-3.772790970658823628e-01
1.171499999999999986e+01,-3.792540775870876235e-01
1.172250000000000014e+01,-3.862501377089302967e-01
1.173000000000000043e+01,-3.960416809476010602e-01
1.173750000000000071e+01,-4.056447217704822750e-01
1.174499999999999922e+01,-4.120644078948787481e-01
1.175249999999999950e+01,-4.130780647787301585e-01
1.175999999999999979e+01,-4.078443438744974725e-01
1.176750000000000007e+01,-3.971583176345611643e-01
1.177500000000000036e+01,-3.832677339255186055e-01
1.178250000000000064e+01,-3.692973590528226824e-01
1.178999999999999915e+01,-3.584432919687510766e-01
1.179749999999999943e+01,-3.531542998121529053e-01
1.180499999999999972e+01,-3.545042939058473119e-01
1.181250000000000000e+01,-3.619008143991434556e-01
1.182000000000000028e+01,-3.731964975138041818e-01
1.182750000000000057e+01,-3.851885693048334169e-01
1.183500000000000085e+01,-3.944075850731063038e-01
1.184249999999999936e+01,-3.980162256966511825e-01
1.184999999999999964e+01,-3.945845072877547377e-01
1.185749999999999993e+01,-3.845141978830076690e-01
1.186500000000000021e+01,-3.699730507534350066e-01
1.187250000000000050e+01,-3.543471947976590819e-01
1.188000000000000078e+01,-3.413673566323690567e-01
1.188749999999999929e+01,-3.341506815433038513e-01
1.189499999999999957e+01,-3.344027303790935712e-01
1.190249999999999986e+01,-3.419650326340009094e-01
1.191000000000000014e+01,-3.548086930673385875e-01
1.191750000000000043e+01,-3.694857709416640157e-01
1.192500000000000071e+01,-3.819586553414232588e-01
1.193249999999999922e+01,-3.886317045909043477e-01
1.193999999999999950e+01,-3.873275791947816127e-01
1.194749999999999979e+01,-3.779262464118538500e-01
1.195500000000000007e+01,-3.624574079289905049e-01
1.196250000000000036e+01,-3.446006067324403621e-01
1.197000000000000064e+01,-3.287356181335449046e-01
1.197749999999999915e+01,-3.188143376764335790e-01
1.198499999999999943e+01,-3.173506907914442898e-01
1.199249999999999972e+01,-3.247654139888836444e-01
1.200000000000000000e+01,-3.392266214148440540e-01
