Ref,Val,Package,PosX,PosY,Rot,Side
"ADAR1_0","ADAR1000ACCZN","CC-88-1_ADI",150.000000,218.000000,180.000000,top
"ADAR2_0","ADAR1000ACCZN","CC-88-1_ADI",226.000000,218.000000,180.000000,top
"ADAR3_0","ADAR1000ACCZN","CC-88-1_ADI",226.000000,142.000000,0.000000,top
"ADAR4_0","ADAR1000ACCZN","CC-88-1_ADI",150.000000,142.000000,0.000000,top
"ADTR1107_1","ADTR1107ACCZ","CC-24-8_ADI",141.000000,209.000000,-135.000000,top
"ADTR1107_2","ADTR1107ACCZ","CC-24-8_ADI",159.000000,209.000000,-45.000000,top
"ADTR1107_3","ADTR1107ACCZ","CC-24-8_ADI",141.000000,227.000000,135.000000,top
"ADTR1107_4","ADTR1107ACCZ","CC-24-8_ADI",159.000000,227.000000,45.000000,top
"ADTR1107_5","ADTR1107ACCZ","CC-24-8_ADI",217.000000,209.000000,-135.000000,top
"ADTR1107_6","ADTR1107ACCZ","CC-24-8_ADI",235.000000,209.000000,-45.000000,top
"ADTR1107_7","ADTR1107ACCZ","CC-24-8_ADI",217.000000,227.000000,135.000000,top
"ADTR1107_8","ADTR1107ACCZ","CC-24-8_ADI",235.000000,227.000000,45.000000,top
"ADTR1107_9","ADTR1107ACCZ","CC-24-8_ADI",217.000000,133.000000,-135.000000,top
"ADTR1107_10","ADTR1107ACCZ","CC-24-8_ADI",235.000000,133.000000,-45.000000,top
"ADTR1107_11","ADTR1107ACCZ","CC-24-8_ADI",217.000000,151.000000,135.000000,top
"ADTR1107_12","ADTR1107ACCZ","CC-24-8_ADI",235.000000,151.000000,45.000000,top
"ADTR1107_13","ADTR1107ACCZ","CC-24-8_ADI",141.000000,133.000000,-135.000000,top
"ADTR1107_14","ADTR1107ACCZ","CC-24-8_ADI",159.000000,133.000000,-45.000000,top
"ADTR1107_15","ADTR1107ACCZ","CC-24-8_ADI",141.000000,151.000000,135.000000,top
"ADTR1107_16","ADTR1107ACCZ","CC-24-8_ADI",159.000000,151.000000,45.000000,top
"C1","0.1uF","C0201",64.520000,156.430000,0.000000,top
"C2","0.1uF","C0201",64.520000,157.080000,0.000000,top
"C3","2.7pF","C0402",58.610000,152.590000,180.000000,top
"C4","0.1uF","C0201",55.870000,153.470000,90.000000,top
"C5","0.1uF","C0201",56.470000,153.820000,90.000000,top
"C6","0.1uF","C0201",57.045000,153.820000,90.000000,top
"C7","0.1uF","C0201",57.620000,153.820000,90.000000,top
"C8","0.1uF","C0201",59.395000,153.770000,90.000000,top
"C9","0.1uF","C0201",59.870000,153.770000,90.000000,top
"C10","0.1uF","C0201",60.395000,153.770000,90.000000,top
"C11","0.1uF","C0201",61.345000,153.770000,90.000000,top
"C12","0.1uF","C0201",61.895000,153.770000,90.000000,top
"C13","0.1uF","C0201",63.820000,155.470000,90.000000,top
"C14","0.1uF","C0201",52.995000,156.480000,0.000000,top
"C15","0.1uF","C0201",58.595000,163.855000,0.000000,top
"C16","0.1uF","C0201",53.280000,158.230000,-90.000000,top
"C17","47uF","C0201",59.112112,192.786268,135.000000,top
"C18","2.7pF","C0201",92.830000,95.880000,-90.000000,top
"C19","2.7pF","C0201",92.820000,98.420000,90.000000,top
"C20","4.3pF","C0201",92.730000,103.230000,-90.000000,top
"C21","4.3pF","C0201",92.670000,105.770000,90.000000,top
"C22","2.2uF","C0201",62.080000,94.570000,180.000000,top
"C23","2.2uF","C0201",66.170000,114.420000,90.000000,top
"C24","100nF","C0201",86.770000,109.520000,0.000000,top
"C25","100nF","C0201",87.321600,96.000112,0.000000,top
"C26","100nF","C0201",87.092175,101.260615,-90.000000,top
"C27","100nF","C0201",87.097712,108.237440,90.000000,top
"C28","100nF","C0201",82.413500,115.042812,0.000000,top
"C29","100nF","C0201",75.948571,115.042812,0.000000,top
"C30","100nF","C0201",70.909368,115.034618,0.000000,top
"C31","47nF","C0201",65.663265,115.264737,90.000000,top
"C32","100nF","C0201",61.338821,105.711028,90.000000,top
"C33","100nF","C0201",61.408978,100.244234,90.000000,top
"C34","100nF","C0201",61.353659,93.744106,90.000000,top
"C35","100nF","C0201",71.409190,89.461353,180.000000,top
"C36","0.1uF","C0201",64.530000,158.255000,-90.000000,top
"C37","10uF","C0201",53.980000,214.805000,0.000000,top
"C38","0.1uF","C0201",58.495000,214.070000,90.000000,top
"C39","0.1uF","C0201",63.545000,214.170000,90.000000,top
"C40","10uF","C0201",65.475000,215.620000,180.000000,top
"C41","0.1uF","C0201",66.245000,214.480000,0.000000,top
"C42","0.1uF","C0201",65.480000,216.070000,180.000000,top
"C43","0.2pF","C0201",58.600000,142.075000,180.000000,top
"C44","0.1uF","C0201",57.810000,148.100000,90.000000,top
"C45","0.1uF","C0201",59.310000,148.080000,90.000000,top
"C46","0.1uF","C0201",58.570000,148.275000,90.000000,top
"C47","0.1uF","C0201",56.220000,145.730000,0.000000,top
"C48","0.1µF","C0402",62.550000,143.340000,90.000000,top
"C49","0.1µF","C0402",54.620000,143.390000,-90.000000,top
"C50","100nF","C0201",17.630000,182.495000,90.000000,top
"C51","0.1uF","C0201",58.390000,139.260000,90.000000,top
"C52","0.1uF","C0201",59.060000,139.290000,90.000000,top
"C53","0.1uF","C0201",58.400000,141.130000,0.000000,top
"C54","0.6pF","C0201",58.750000,133.075000,180.000000,top
"C55","47uF","C0201",39.629215,193.434096,-135.000000,top
"C56","0.1uF","C0201",56.345000,136.705000,0.000000,top
"C57","0.1µF","C0402",62.340000,134.950000,90.000000,top
"C58","0.1µF","C0402",55.100000,134.970000,-90.000000,top
"C59","32.8pF","C0201",80.140000,213.740000,-90.000000,top
"C60","103pF","C0201",76.720000,145.260000,90.000000,top
"C61","7.8pF","C0201",75.560000,144.930000,0.000000,top
"C62","7.8pF","C0201",75.550000,145.560000,0.000000,top
"C63","103pF","C0201",73.840000,145.230000,90.000000,top
"C64","25pF","C0201",72.610000,144.890000,0.000000,top
"C65","25pF","C0201",72.620000,145.560000,0.000000,top
"C66","100pF","C0201",135.364646,232.492928,45.000000,top
"C67","0.1uF","C0201",134.907071,232.950500,45.000000,top
"C68","100pF","C0201",133.700000,230.971715,-135.000000,top
"C69","0.1uF","C0201",133.157575,231.414140,-135.000000,top
"C70","1pF","C0201",137.579125,231.898950,-135.000000,top
"C71","1pF","C0201",134.389706,228.758740,-135.000000,top
"C72","1pF","C0201",138.160000,228.510000,-45.000000,top
"C73","100pF","C0201",164.392931,232.635353,-45.000000,top
"C74","0.1uF","C0201",164.950503,233.092928,-45.000000,top
"C75","10µF","C0805",41.980000,37.440000,-90.000000,top
"C76","100nF","C0402",44.175000,37.774568,-90.000000,top
"C77","10µF","C0805",107.380000,38.090000,-90.000000,top
"C78","100nF","C0402",109.990000,38.540000,-90.000000,top
"C79","100pF","C0201",112.949396,180.556018,90.000000,top
"C80","0.1uF","C0201",113.603715,180.556018,90.000000,top
"C81","100pF","C0201",112.969978,178.515056,-90.000000,top
"C82","0.1uF","C0201",113.662637,178.515056,-90.000000,top
"C83","1pF","C0201",115.910275,182.168484,-90.000000,top
"C84","1pF","C0201",115.934450,177.016143,-90.000000,top
"C85","1pF","C0201",183.830000,179.760000,0.000000,top
"C86","1uF","C0201",226.365000,222.995000,90.000000,top
"C87","1uF","C0201",225.915000,222.990000,90.000000,top
"C88","1uF","C0201",151.490000,222.985000,90.000000,top
"C89","1uF","C0201",150.965000,222.980000,90.000000,top
"C90","1uF","C0201",149.790000,222.425000,90.000000,top
"C91","1uF","C0201",150.265000,222.420000,90.000000,top
"C92","1uF","C0201",225.015000,222.490000,90.000000,top
"C93","1uF","C0201",225.465000,222.485000,90.000000,top
"C94","1uF","C0201",225.685000,137.670000,-90.000000,top
"C95","1uF","C0201",226.185000,137.650000,-90.000000,top
"C96","1uF","C0201",226.235000,136.030000,-90.000000,top
"C97","1uF","C0201",225.710000,136.035000,-90.000000,top
"C98","1uF","C0201",149.985000,137.715000,-90.000000,top
"C99","1uF","C0201",150.510000,137.695000,-90.000000,top
"C100","1uF","C0201",151.065000,136.305000,-90.000000,top
"C101","1uF","C0201",150.590000,136.305000,-90.000000,top
"C102","10nF","C0201",139.831384,212.925218,45.000000,top
"C103","10nF","C0201",144.778571,228.091559,-45.000000,top
"C104","10nF","C0201",160.123871,223.255037,-135.000000,top
"C105","10nF","C0201",155.170165,207.911000,135.000000,top
"C106","10nF","C0201",215.853537,212.889390,45.000000,top
"C107","10nF","C0201",220.899581,228.144256,-45.000000,top
"C108","4.7uF","C0201",60.024281,193.705509,135.000000,top
"C109","4.7uF","C0201",59.546984,193.228212,135.000000,top
"C110","0.47uF","C0201",60.480365,194.161593,135.000000,top
"C111","0.47uF","C0201",60.936446,194.624746,135.000000,top
"C112","0.47uF","C0201",61.410209,195.105581,135.000000,top
"C113","0.47uF","C0201",61.866293,195.568734,135.000000,top
"C114","10nF","C0201",231.143215,207.910331,135.000000,top
"C115","10nF","C0201",236.079796,223.283343,-135.000000,top
"C116","10nF","C0201",231.223471,131.830075,135.000000,top
"C117","10nF","C0201",236.235053,147.138600,-135.000000,top
"C118","10nF","C0201",220.646271,151.975181,-45.000000,top
"C119","10nF","C0201",215.684690,137.006143,45.000000,top
"C120","10nF","C0201",155.140546,131.865615,135.000000,top
"C121","10nF","C0201",160.324512,147.130675,-135.000000,top
"C122","10nF","C0201",144.879196,152.189640,-45.000000,top
"C123","10nF","C0201",139.695231,136.914068,45.000000,top
"C124","100pF","C0201",162.871718,234.000000,135.000000,top
"C125","0.1uF","C0201",163.414143,234.542425,135.000000,top
"C126","1pF","C0201",136.187859,205.500965,-45.000000,top
"C127","32.8pF","C0201",77.230000,213.720000,-90.000000,top
"C128","1pF","C0201",139.268581,202.413887,-45.000000,top
"C129","1pF","C0201",139.470000,206.090000,45.000000,top
"C130","100pF","C0201",164.786978,203.511384,-135.000000,top
"C131","0.1uF","C0201",165.282334,203.038331,-135.000000,top
"C132","100pF","C0201",166.322893,204.798487,45.000000,top
"C133","0.1uF","C0201",166.827537,204.371540,45.000000,top
"C134","1pF","C0201",162.498446,204.119290,45.000000,top
"C135","1pF","C0201",165.609728,207.229253,45.000000,top
"C136","1pF","C0201",161.930000,207.420000,135.000000,top
"C137","100pF","C0201",135.491640,203.232765,135.000000,top
"C138","0.1uF","C0201",135.018587,202.737409,135.000000,top
"C139","100pF","C0201",137.018231,201.857362,-45.000000,top
"C140","0.1uF","C0201",136.391284,201.252718,-45.000000,top
"C141","106pF","C0201",78.670000,213.720000,-90.000000,top
"C142","1pF","C0201",163.819018,230.390490,135.000000,top
"C143","1pF","C0201",160.731546,233.496534,135.000000,top
"C144","1pF","C0201",160.570000,229.920000,-135.000000,top
"C145","100pF","C0201",211.162381,232.537978,45.000000,top
"C146","0.1uF","C0201",210.657153,233.001156,45.000000,top
"C147","100pF","C0201",209.827746,230.952150,-135.000000,top
"C148","0.1uF","C0201",209.332975,231.388971,-135.000000,top
"C149","1pF","C0201",213.537943,231.858218,-135.000000,top
"C150","1pF","C0201",210.401809,228.704328,-135.000000,top
"C151","1pF","C0201",213.920000,228.730000,-45.000000,top
"C152","100pF","C0201",165.657721,157.617875,-45.000000,top
"C153","4.7uF","C0201",38.731190,194.332121,-135.000000,top
"C154","4.7uF","C0201",39.190809,193.872503,-135.000000,top
"C155","0.47uF","C0201",38.275106,194.788206,-135.000000,top
"C156","0.47uF","C0201",37.829628,195.226612,-135.000000,top
"C157","0.47uF","C0201",37.366471,195.682696,-135.000000,top
"C158","0.47uF","C0201",36.920996,196.156459,-135.000000,top
"C159","22µF","C1206",1.450000,-69.350000,0.000000,top
"C160","0.1uF","C0201",165.893487,126.449484,-135.000000,top
"C161","100pF","C0201",164.232406,159.091996,135.000000,top
"C162","0.1uF","C0201",167.216384,127.960387,45.000000,top
"C163","1pF","C0201",211.869728,205.344378,-45.000000,top
"C164","2.2uF","C0201",95.140000,107.470000,90.000000,top
"C165","1pF","C0201",214.938137,202.247887,-45.000000,top
"C166","1pF","C0201",215.170000,205.820000,45.000000,top
"C167","100pF","C0201",166.177465,158.098131,-45.000000,top
"C168","0.1uF","C0201",134.119868,125.836128,135.000000,top
"C169","100pF","C0201",164.712662,159.511740,135.000000,top
"C170","0.1uF","C0201",136.190003,124.854000,-45.000000,top
"C171","1pF","C0201",239.141715,203.445940,45.000000,top
"C172","1pF","C0201",242.237412,206.509103,45.000000,top
"C173","1pF","C0201",238.080000,207.280000,135.000000,top
"C174","100pF","C0201",165.378387,126.902790,-135.000000,top
"C175","0.1uF","C0201",134.600125,126.255871,135.000000,top
"C176","47uF","C0201",62.645000,174.870000,0.000000,top
"C177","4.7uF","C0201",62.645000,173.585000,0.000000,top
"C178","4.7uF","C0201",62.645000,174.260000,0.000000,top
"C179","0.47uF","C0201",62.640000,172.940000,0.000000,top
"C180","0.47uF","C0201",62.620000,172.240000,0.000000,top
"C181","0.47uF","C0201",62.625000,171.665000,0.000000,top
"C182","0.47uF","C0201",62.630000,171.065000,0.000000,top
"C183","100pF","C0201",166.731484,128.407081,45.000000,top
"C184","10µF","C0805",6.700000,-69.350000,0.000000,top
"C185","100nF","C0402",0.450000,-74.750000,0.000000,top
"C186","1nF","C0402",6.700000,-74.750000,0.000000,top
"C196","0.1uF","C0201",135.708468,124.335537,-45.000000,top
"C197","1pF","C0201",240.248900,230.886031,135.000000,top
"C198","1pF","C0201",237.122359,233.997787,135.000000,top
"C199","1pF","C0201",236.820000,230.170000,-135.000000,top
"C200","100pF","C0201",210.131565,157.529506,45.000000,top
"C201","0.1uF","C0201",241.135456,127.069106,-135.000000,top
"C202","100pF","C0201",208.658562,156.060621,-135.000000,top
"C203","0.1uF","C0201",242.674415,128.540765,45.000000,top
"C204","1pF","C0201",238.989178,127.574521,45.000000,top
"C205","1pF","C0201",242.061271,130.644487,45.000000,top
"C206","1pF","C0201",238.080000,131.280000,135.000000,top
"C207","100pF","C0201",209.651309,157.949250,45.000000,top
"C208","0.1uF","C0201",241.615712,126.649362,-135.000000,top
"C209","100pF","C0201",208.138818,156.540878,-135.000000,top
"C210","0.1uF","C0201",243.194159,128.060509,45.000000,top
"C211","1pF","C0201",240.322125,154.951843,135.000000,top
"C212","1pF","C0201",237.239928,158.039596,135.000000,top
"C213","1pF","C0201",236.870000,154.220000,-135.000000,top
"C214","100pF","C0201",240.968993,157.228946,-45.000000,top
"C215","0.1uF","C0201",210.729618,126.204031,135.000000,top
"C216","100pF","C0201",239.521134,158.680925,135.000000,top
"C217","0.1uF","C0201",211.880253,124.286096,-45.000000,top
"C218","1pF","C0201",212.415606,156.967209,-135.000000,top
"C219","1pF","C0201",209.283293,153.867028,-135.000000,top
"C220","1pF","C0201",213.670000,152.930000,-45.000000,top
"C221","100pF","C0201",241.488737,157.709203,-45.000000,top
"C222","0.1uF","C0201",210.309875,125.823775,135.000000,top
"C223","100pF","C0201",240.001390,159.200668,135.000000,top
"C224","0.1uF","C0201",212.299996,124.766353,-45.000000,top
"C225","1pF","C0201",211.390187,128.455581,-45.000000,top
"C226","1pF","C0201",214.474168,125.377028,-45.000000,top
"C227","1pF","C0201",215.020000,129.620000,45.000000,top
"C228","100pF","C0201",241.862843,202.399637,-135.000000,top
"C229","0.1uF","C0201",211.298250,203.170134,135.000000,top
"C230","100pF","C0201",212.710234,201.652971,-45.000000,top
"C231","0.1uF","C0201",212.211621,201.219993,-45.000000,top
"C232","1pF","C0201",163.077881,127.469743,45.000000,top
"C233","1pF","C0201",166.198712,130.566309,45.000000,top
"C234","1pF","C0201",162.330000,131.030000,135.000000,top
"C235","100pF","C0201",241.343100,202.879893,-135.000000,top
"C236","0.1uF","C0201",210.778506,202.689878,135.000000,top
"C237","100pF","C0201",243.266771,203.829978,45.000000,top
"C238","0.1uF","C0201",242.799750,204.331365,45.000000,top
"C239","1pF","C0201",164.994600,155.332168,135.000000,top
"C240","1pF","C0201",161.874518,158.439037,135.000000,top
"C241","1pF","C0201",161.080000,154.320000,-135.000000,top
"C242","100pF","C0201",241.339850,233.623356,-45.000000,top
"C243","0.1uF","C0201",133.653537,158.069359,45.000000,top
"C244","100pF","C0201",239.950275,235.086515,135.000000,top
"C245","0.1uF","C0201",132.136590,156.520768,-135.000000,top
"C246","1pF","C0201",136.453746,156.818290,-135.000000,top
"C247","1pF","C0201",133.360759,153.726600,-135.000000,top
"C248","1pF","C0201",137.480000,153.080000,-45.000000,top
"C249","100pF","C0201",240.859596,233.103612,-45.000000,top
"C250","0.1uF","C0201",134.173281,157.589103,45.000000,top
"C251","100pF","C0201",239.430531,234.606259,135.000000,top
"C252","0.1uF","C0201",132.616846,156.101025,-135.000000,top
"C253","1pF","C0201",135.308687,128.574346,-45.000000,top
"C254","1pF","C0201",138.427612,125.454265,-45.000000,top
"C255","1pF","C0201",139.170000,129.720000,45.000000,top
"C256","100nF","C0201",45.255221,22.423984,90.000000,top
"C257","100nF","C0201",45.457950,51.498587,90.000000,top
"C258","100nF","C0402",112.490000,30.060000,-90.000000,top
"C259","100nF","C0402",102.485265,30.172834,-90.000000,top
"C260","100nF","C0402",99.600987,45.351156,90.000000,top
"C261","4.7nF","C0201",118.230000,43.060000,180.000000,top
"C262","100nF","C0402",89.698537,45.267618,90.000000,top
"C263","4.7nF","C0201",108.130000,43.210000,180.000000,top
"C264","100nF","C0402",139.401212,44.997071,90.000000,top
"C265","4.7nF","C0201",98.080000,43.160000,180.000000,top
"C266","100nF","C0402",162.790000,29.910000,-90.000000,top
"C267","4.7nF","C0201",88.330000,43.110000,180.000000,top
"C268","25pF","C0201",78.400000,144.950000,0.000000,top
"C269","4.7nF","C0201",83.670000,32.340000,0.000000,top
"C270","25pF","C0201",78.390000,145.570000,0.000000,top
"C271","4.7nF","C0201",93.770000,32.090000,0.000000,top
"C272","18pF","C0201",82.500000,216.350000,90.000000,top
"C273","4.7nF","C0201",103.970000,32.040000,0.000000,top
"C274","18pF","C0201",82.740000,142.360000,-90.000000,top
"C275","4.7nF","C0201",113.620000,32.040000,0.000000,top
"C276","1µF","C0201",104.580000,39.820000,90.000000,top
"C277","0.1µF","C0201",104.520000,35.600000,0.000000,top
"C278","0.1µF","C0201",104.520000,36.280000,0.000000,top
"C279","100nF","C0201",76.379071,89.353590,180.000000,top
"C280","4.7nF","C0201",168.480000,43.010000,180.000000,top
"C281","100nF","C0201",82.906728,89.408215,0.000000,top
"C282","4.7nF","C0201",158.180000,43.160000,180.000000,top
"C283","22µF","C1206",8.100000,24.200000,0.000000,top
"C284","4.7nF","C0201",148.180000,43.060000,180.000000,top
"C285","47uF","C0201",38.100000,177.475000,0.000000,top
"C286","4.7nF","C0201",138.380000,43.060000,180.000000,top
"C287","4.7uF","C0201",38.100000,176.250000,0.000000,top
"C288","4.7nF","C0201",133.720000,32.040000,0.000000,top
"C289","4.7uF","C0201",38.100000,176.875000,0.000000,top
"C290","4.7nF","C0201",143.720000,31.990000,0.000000,top
"C291","0.47uF","C0201",38.100000,175.600000,0.000000,top
"C292","4.7nF","C0201",153.870000,32.090000,0.000000,top
"C293","0.1uF","C0201",65.850000,157.900000,180.000000,top
"C294","4.7nF","C0201",164.770000,32.040000,0.000000,top
"C295","0.1µF","C0201",154.620000,35.480000,0.000000,top
"C296","1µF","C0201",154.300000,39.720000,90.000000,top
"C297","0.1µF","C0201",154.620000,36.180000,0.000000,top
"C298","100nF","C0201",198.750000,54.770000,90.000000,top
"C299","0.1µF","C0201",198.980000,30.630000,-90.000000,top
"C300","1µF","C0201",203.170000,31.100000,0.000000,top
"C301","0.1µF","C0201",199.580000,30.630000,-90.000000,top
"C302","100nF","C0201",204.350000,54.720000,90.000000,top
"C303","100nF","C0201",209.450000,54.770000,90.000000,top
"C304","100nF","C0201",214.650000,54.820000,90.000000,top
"C305","100nF","C0201",188.350000,55.120000,90.000000,top
"C306","100nF","C0201",193.600000,55.020000,90.000000,top
"C307","100nF","C0201",219.750000,54.820000,90.000000,top
"C308","22pF","C0201",75.730000,213.200000,-90.000000,top
"C309","22pF","C0201",75.690000,214.260000,90.000000,top
"C310","100nF","C0201",183.300000,55.270000,90.000000,top
"C311","22µF","C1206",11.730000,156.140000,-90.000000,top
"C312","10µF","C0805",23.230000,156.490000,-90.000000,top
"C313","100nF","C0402",25.440000,156.930000,-90.000000,top
"C314","1nF","C0402",27.149218,156.927443,-90.000000,top
"C315","22µF","C1206",191.920000,286.660000,90.000000,top
"C316","10µF","C0805",171.430000,289.190000,-90.000000,top
"C317","100nF","C0402",169.190000,289.750000,-90.000000,top
"C318","1nF","C0402",167.380000,289.730000,-90.000000,top
"C319","10µF","C0805",204.830000,289.540000,-90.000000,top
"C320","100nF","C0402",207.240000,290.120000,-90.000000,top
"C321","1nF","C0402",209.130000,290.130000,-90.000000,top
"C322","22µF","C1206",182.980000,77.690000,-90.000000,top
"C323","10µF","C0805",203.080000,78.240000,-90.000000,top
"C324","100nF","C0402",205.590000,78.640000,-90.000000,top
"C325","1nF","C0402",207.630000,78.680000,-90.000000,top
"C326","10µF","C0805",169.030000,77.740000,-90.000000,top
"C327","100nF","C0402",166.690000,78.110000,-90.000000,top
"C328","1nF","C0402",164.930000,78.080000,-90.000000,top
"C329","22µF","C1206",9.780000,12.640000,-90.000000,top
"C330","10µF","C0805",101.580000,226.240000,-90.000000,top
"C331","100nF","C0402",99.504909,226.648375,-90.000000,top
"C332","1nF","C0402",97.786478,226.648375,-90.000000,top
"C333","10µF","C0805",100.980000,136.040000,-90.000000,top
"C334","100nF","C0402",99.190000,136.600000,-90.000000,top
"C335","1nF","C0402",97.930000,136.580000,-90.000000,top
"C336","10µF","C0805",37.480000,37.390000,-90.000000,top
"C337","100nF","C0402",39.690000,37.720000,-90.000000,top
"C338","10µF","C0805",157.080000,38.140000,-90.000000,top
"C339","100nF","C0402",159.675465,38.565900,-90.000000,top
"C340","10µF","C0805",193.915084,32.969743,180.000000,top
"C341","100nF","C0402",194.225768,30.728271,180.000000,top
"C342","100nF","C0402",92.218653,30.135675,-90.000000,top
"C343","100nF","C0402",82.024996,30.259993,-90.000000,top
"C344","100nF","C0402",119.957131,45.235746,90.000000,top
"C345","100nF","C0402",109.536762,45.335746,90.000000,top
"C346","100nF","C0402",142.577225,30.010328,-90.000000,top
"C347","100nF","C0402",169.977712,45.211865,90.000000,top
"C348","100nF","C0402",149.657903,45.015562,90.000000,top
"C349","100nF","C0402",152.620000,29.920000,-90.000000,top
"C350","100nF","C0402",131.858040,30.060328,-90.000000,top
"C351","100nF","C0402",159.824709,45.111865,90.000000,top
"D2","Blue","LED-0603",73.530000,118.480000,90.000000,top
"D3","Blue","LED-0603",71.880000,118.470000,90.000000,top
"D4","Blue","LED-0603",75.130000,118.460000,90.000000,top
"D5","Blue","LED-0603",76.680000,118.450000,90.000000,top
"J1","142-0731-211","1420731211",67.000000,185.900000,0.000000,top
"J18","142-0731-211","1420731211",67.010000,195.240000,0.000000,top
"J19","CJT-T-P-HH-ST-TH1","CJTTPHHSTTH1",75.200000,179.820000,-90.000000,top
"J20","142-0731-211","1420731211",52.000000,223.050000,0.000000,top
"J21","CJT-T-P-HH-ST-TH1","CJTTPHHSTTH1",76.940000,156.761231,90.000000,top
"J22","142-0731-211","1420731211",82.730000,136.850000,0.000000,top
"J23","142-0731-211","1420731211",82.500000,221.810000,0.000000,top
"J24","142-0731-211","1420731211",129.191268,223.551593,45.000000,top
"J25","142-0731-211","1420731211",142.750078,237.019915,45.000000,top
"J26","142-0731-211","1420731211",144.440000,197.240000,135.000000,top
"J27","142-0731-211","1420731211",131.040000,210.690000,-135.000000,top
"J28","142-0731-211","1420731211",170.810000,212.460000,45.000000,top
"J29","142-0731-211","1420731211",157.340000,198.890000,45.000000,top
"J30","142-0731-211","1420731211",155.530000,238.640000,135.000000,top
"J31","142-0731-211","1420731211",169.040000,225.140000,45.000000,top
"J32","142-0731-211","1420731211",205.150000,223.410000,45.000000,top
"J33","142-0731-211","1420731211",218.650000,237.010000,45.000000,top
"J34","142-0731-211","1420731211",218.840000,198.350000,135.000000,top
"J35","142-0731-211","1420731211",206.750000,210.560000,45.000000,top
"J36","142-0731-211","1420731211",247.300000,211.610000,45.000000,top
"J37","142-0731-211","1420731211",233.940000,198.220000,45.000000,top
"J38","142-0731-211","1420731211",232.000000,239.110000,45.000000,top
"J39","142-0731-211","1420731211",245.550000,225.610000,45.000000,top
"J40","142-0731-211","1420731211",245.450000,134.160000,45.000000,top
"J41","142-0731-211","1420731211",234.310000,122.860000,45.000000,top
"J42","142-0731-211","1420731211",233.130000,162.210000,135.000000,top
"J43","142-0731-211","1420731211",245.460000,150.020000,45.000000,top
"J44","142-0731-211","1420731211",205.050000,149.710000,45.000000,top
"J45","142-0731-211","1420731211",216.950000,161.510000,45.000000,top
"J46","142-0731-211","1420731211",218.940000,120.930000,45.000000,top
"J47","142-0731-211","1420731211",206.520000,133.320000,45.000000,top
"J48","142-0731-211","1420731211",170.300000,134.660000,45.000000,top
"J49","142-0731-211","1420731211",158.250000,122.610000,45.000000,top
"J50","142-0731-211","1420731211",158.330000,161.940000,135.000000,top
"J51","142-0731-211","1420731211",169.590000,150.890000,45.000000,top
"J52","142-0731-211","1420731211",128.700000,149.140000,45.000000,top
"J53","142-0731-211","1420731211",141.420000,161.790000,45.000000,top
"J54","142-0731-211","1420731211",142.700000,121.170000,45.000000,top
"J55","142-0731-211","1420731211",130.170000,133.590000,45.000000,top
"JP1","","2X06",103.620000,98.790000,90.000000,top
"JP2","","1X06",45.970000,80.870000,0.000000,top
"JP3","","2X04",4.270000,184.420000,90.000000,top
"JP4","","1X03",70.470000,78.340000,-90.000000,top
"JP5","","1X03",204.370000,49.980000,-90.000000,top
"JP6","","1X03",198.870000,49.870000,-90.000000,top
"JP7","","1X08",43.520000,94.120000,0.000000,top
"JP8","","1X04",48.450000,87.020000,0.000000,top
"JP9","","1X04",58.720000,77.180000,-90.000000,top
"JP10","","1X03",64.920000,78.410000,-90.000000,top
"JP11","","1X03",193.820000,49.950000,-90.000000,top
"JP12","","1X03",188.520000,50.190000,-90.000000,top
"JP13","","2X07",83.580000,79.720000,180.000000,top
"JP14","","1X03",214.920000,50.130000,-90.000000,top
"JP15","","1X03",209.720000,49.970000,-90.000000,top
"JP16","","1X03",183.320000,50.210000,-90.000000,top
"JP17","","1X03",65.950000,125.380000,180.000000,top
"JP18","","1X04",33.450000,86.500000,180.000000,top
"JP19","","1X03",219.870000,50.140000,-90.000000,top
"JP20","","1X02",78.500000,191.500000,90.000000,top
"L1","","L5650M",17.690000,157.730000,0.000000,top
"L2","12nH","L0201",76.230000,145.250000,-90.000000,top
"L3","159nH","L0201",74.690000,144.920000,0.000000,top
"L4","159nH","L0201",74.670000,145.560000,0.000000,top
"L5","BLM15HB121SN1","0402",89.334400,109.020343,0.000000,top
"L6","BLM15HB121SN1","0402",67.435000,215.225000,90.000000,top
"L7","BLM15HB121SN1","0402",62.360000,215.190000,90.000000,top
"L8","12nH","L0201",73.310000,145.220000,-90.000000,top
"L9","50nH","L0201",71.660000,144.890000,0.000000,top
"L10","50nH","L0201",71.660000,145.550000,0.000000,top
"L11","","L5650M",177.850000,289.220000,180.000000,top
"L12","","L5650M",198.360000,289.230000,0.000000,top
"L13","","L5650M",196.970000,79.230000,0.000000,top
"L14","","L5650M",175.520000,79.820000,180.000000,top
"L15","","L5650M",107.535000,226.145000,180.000000,top
"L16","","L5650M",107.100000,137.020000,180.000000,top
"L17","","L5650M",31.010000,37.480000,0.000000,top
"L18","","L5650M",120.120000,6.480000,0.000000,top
"L19","","L5650M",2.950000,-63.350000,0.000000,top
"L21","","L5650M",114.770000,65.020000,180.000000,top
"L22","107.3nH","L0201",77.960000,214.020000,0.000000,top
"L23","","L5650M",126.840000,64.980000,0.000000,top
"L24","50nH","L0201",77.500000,144.940000,0.000000,top
"L25","107.3nH","L0201",77.970000,213.410000,0.000000,top
"L26","107.3nH","L0201",79.400000,214.040000,0.000000,top
"L27","107.3nH","L0201",79.420000,213.430000,0.000000,top
"L28","50nH","L0201",77.490000,145.570000,0.000000,top
"OPA_1","OPA4703EA/250","PW14",33.000000,22.000000,90.000000,top
"OPA_2","OPA4703EA/250","PW14",33.200000,51.950000,90.000000,top
"OPA_3","OPA4703EA/250","PW14",62.900000,22.200000,90.000000,top
"OPA_4","OPA4703EA/250","PW14",63.000000,52.000000,90.000000,top
"R1","24R","R0402",59.230000,150.710000,-90.000000,top
"R2","100R","R0201",59.500000,177.500000,-90.000000,top
"R3","100R","R0201",57.560000,173.110000,180.000000,top
"R4","100R","R0201",59.810000,180.740000,90.000000,top
"R5","100R","R0201",53.160000,172.940000,180.000000,top
"R6","100R","R0201",55.800000,173.040000,180.000000,top
"R7","100R","R0201",51.850000,172.990000,180.000000,top
"R8","100R","R0201",48.950000,173.010000,180.000000,top
"R9","100R","R0201",50.790000,172.960000,180.000000,top
"R10","100R","R0201",47.850000,173.010000,180.000000,top
"R11","100R","R0201",46.775000,172.525000,180.000000,top
"R12","100R","R0201",59.570000,178.720000,-90.000000,top
"R13","24R","R0402",57.790000,150.700000,-90.000000,top
"R14","115R","R0201",58.605000,143.275000,180.000000,top
"R15","4.3k","R0201",58.605000,142.625000,180.000000,top
"R16","200R","R0201",58.010000,148.940000,180.000000,top
"R17","200R","R0201",59.070000,148.920000,180.000000,top
"R18","0R","R0201",55.930000,144.160000,0.000000,top
"R19","0R","R0201",61.320000,144.150000,0.000000,top
"R20","200R","R0201",58.220000,140.450000,180.000000,top
"R21","200R","R0201",59.160000,140.450000,180.000000,top
"R22","56R","R0201",58.755000,134.175000,180.000000,top
"R23","22R","R0201",52.140000,201.130000,90.000000,top
"R24","22R","R0201",53.440000,201.100000,90.000000,top
"R25","22R","R0201",54.690000,201.120000,90.000000,top
"R26","22R","R0201",55.940000,201.140000,90.000000,top
"R27","22R","R0201",57.240000,201.160000,90.000000,top
"R28","22R","R0201",58.490000,201.180000,90.000000,top
"R29","22R","R0201",59.760000,201.190000,90.000000,top
"R30","22R","R0201",61.060000,201.210000,90.000000,top
"R31","50R","R0201",51.180000,213.990000,0.000000,top
"R32","4.3k","R0201",58.755000,133.600000,180.000000,top
"R33","3k2","R0201",64.835000,214.450000,90.000000,top
"R34","0R","R0201",56.230000,135.690000,0.000000,top
"R35","0R","R0201",61.210000,135.680000,0.000000,top
"R36","830R","R0402",53.830000,154.350000,180.000000,top
"R37","1k","R0402",53.810000,152.990000,0.000000,top
"R38","20k","R0402",55.160000,150.830000,90.000000,top
"R39","10k","R0201",50.140000,18.200000,-90.000000,top
"R40","10k","R0201",50.240000,47.480000,-90.000000,top
"R41","1k","R0201",48.940000,53.660000,-90.000000,top
"R42","4.7k","R0201",48.360000,53.660000,-90.000000,top
"R43","1k","R0201",48.590000,24.740000,-90.000000,top
"R44","4.7k","R0201",47.960000,24.690000,-90.000000,top
"R45","4.7k","R0201",151.960000,213.745000,-90.000000,top
"R46","4.7k","R0201",151.951653,225.024787,-90.000000,top
"R47","4.7k","R0201",152.501653,225.029787,-90.000000,top
"R48","4.7k","R0201",228.035000,213.510000,-90.000000,top
"R49","22R","R0201",8.320000,180.660000,180.000000,top
"R50","4.7k","R0201",21.135000,177.990000,-90.000000,top
"R51","22R","R0201",26.175000,180.490000,0.000000,top
"R52","4.7k","R0201",26.110000,183.120000,-90.000000,top
"R53","4.7k","R0201",17.510000,184.250000,-90.000000,top
"R54","4.7k","R0201",17.465000,185.295000,90.000000,top
"R55","1k","R0201",227.410000,222.595000,90.000000,top
"R56","1k","R0201",225.165000,137.610000,-90.000000,top
"R57","1k","R0201",147.865000,137.665000,-90.000000,top
"R58","1k","R0201",149.490000,137.695000,-90.000000,top
"R59","1k","R0201",31.740000,46.950000,-90.000000,top
"R60","33R","R0201",0.100000,-32.300000,0.000000,top
"R61","33R","R0201",0.100000,-37.050000,0.000000,top
"R62","22R","R0201",8.210000,183.260000,180.000000,top
"R63","22R","R0201",8.115000,185.785000,180.000000,top
"R64","22R","R0201",8.070000,188.360000,180.000000,top
"R65","4.7k","R0201",8.335000,187.585000,-90.000000,top
"R66","4.7k","R0201",8.385000,184.940000,-90.000000,top
"R67","4.7k","R0201",8.485000,182.470000,-90.000000,top
"R68","4.7k","R0201",8.585000,179.775000,-90.000000,top
"R69","4.7k","R0201",60.070000,182.710000,0.000000,top
"R70","4.7k","R0201",227.960000,222.610000,-90.000000,top
"R71","4.7k","R0201",228.510000,222.615000,-90.000000,top
"R72","4.7k","R0201",224.065000,146.580000,90.000000,top
"R73","4.7k","R0201",223.986359,131.885287,90.000000,top
"R74","4.7k","R0201",222.776221,129.022809,90.000000,top
"R75","4.7k","R0201",148.115000,146.640000,90.000000,top
"R76","4.7k","R0201",149.763284,132.898581,90.000000,top
"R77","4.7k","R0201",148.420578,132.198562,90.000000,top
"R78","840R","R0201",226.875000,222.605000,-90.000000,top
"R79","840R","R0201",224.600000,137.595000,90.000000,top
"R80","840R","R0201",148.400000,137.670000,90.000000,top
"R81","840R","R0201",148.950000,137.670000,90.000000,top
"R82","1k","R0201",34.590000,46.900000,-90.000000,top
"R83","33R","R0201",0.100000,-41.800000,0.000000,top
"R84","33R","R0201",0.100000,-46.550000,0.000000,top
"R85","1k","R0201",61.590000,47.140000,-90.000000,top
"R86","1k","R0201",64.390000,47.070000,-90.000000,top
"R87","1k","R0201",64.390000,57.050000,-90.000000,top
"R88","1k","R0201",61.590000,56.930000,-90.000000,top
"R89","2.443k","R0201",61.330000,47.830000,180.000000,top
"R90","2.443k","R0201",64.650000,47.820000,0.000000,top
"R91","2.443k","R0201",64.620000,56.230000,180.000000,top
"R92","2.443k","R0201",61.360000,56.170000,0.000000,top
"R93","1k","R0201",34.590000,57.060000,-90.000000,top
"R94","1k","R0201",31.840000,56.940000,-90.000000,top
"R95","2.443k","R0201",31.510000,47.780000,180.000000,top
"R96","2.443k","R0201",34.820000,47.770000,0.000000,top
"R97","2.443k","R0201",34.850000,56.230000,180.000000,top
"R98","2.443k","R0201",31.580000,56.170000,0.000000,top
"R99","1k","R0201",61.540000,17.220000,-90.000000,top
"R100","1k","R0201",64.300000,17.280000,-90.000000,top
"R101","1k","R0201",64.300000,27.130000,-90.000000,top
"R102","1k","R0201",61.550000,27.130000,-90.000000,top
"R103","2.443k","R0201",61.290000,18.030000,180.000000,top
"R104","2.443k","R0201",64.540000,18.070000,0.000000,top
"R105","2.443k","R0201",64.530000,26.330000,180.000000,top
"R106","2.443k","R0201",61.300000,26.370000,0.000000,top
"R107","1k","R0201",31.650000,17.180000,-90.000000,top
"R108","1k","R0201",34.400000,17.130000,-90.000000,top
"R109","1k","R0201",34.400000,27.030000,-90.000000,top
"R110","500R","R0201",76.700000,115.880000,-90.000000,top
"R111","10k","R0201",95.140000,108.560000,90.000000,top
"R112","500R","R0201",75.150000,115.930000,-90.000000,top
"R113","500R","R0201",73.750000,115.930000,-90.000000,top
"R114","500R","R0201",72.300000,115.930000,-90.000000,top
"R115","50R","R0201",76.360000,213.180000,90.000000,top
"R116","50R","R0201",76.370000,214.260000,-90.000000,top
"R117","4.7k","R0201",69.780000,212.870000,180.000000,top
"R118","1k","R0201",31.580000,26.980000,-90.000000,top
"R119","2.443k","R0201",31.370000,17.930000,180.000000,top
"R120","2.443k","R0201",34.660000,17.920000,0.000000,top
"R121","2.443k","R0201",34.610000,26.180000,180.000000,top
"R122","2.443k","R0201",31.320000,26.170000,0.000000,top
"R123","10k","R0201",49.200000,18.430000,-90.000000,top
"R124","1k","R0201",117.450000,43.270000,90.000000,top
"R125","1k","R0201",107.400000,43.470000,90.000000,top
"R126","1k","R0201",97.350000,43.420000,90.000000,top
"R127","1k","R0201",87.500000,43.370000,90.000000,top
"R128","1k","R0201",84.450000,32.080000,-90.000000,top
"R129","1k","R0201",94.600000,31.880000,-90.000000,top
"R130","1k","R0201",104.680000,31.730000,-90.000000,top
"R131","1k","R0201",114.430000,31.780000,-90.000000,top
"R132","5R","R0201",105.529090,39.526981,180.000000,top
"R133","1k","R0201",167.670000,43.270000,90.000000,top
"R134","1k","R0201",157.370000,43.420000,90.000000,top
"R135","1k","R0201",147.320000,43.370000,90.000000,top
"R136","1k","R0201",137.520000,43.320000,90.000000,top
"R137","1k","R0201",134.480000,31.780000,-90.000000,top
"R138","1k","R0201",69.030000,171.145000,180.000000,top
"R139","1k","R0201",69.030000,170.495000,180.000000,top
"R140","1k","R0201",69.030000,169.845000,180.000000,top
"R141","4.7k","R0201",69.030000,169.170000,180.000000,top
"R142","4.7k","R0201",37.345000,187.530000,0.000000,top
"R143","4.7k","R0201",60.070000,183.405000,0.000000,top
"R144","1k","R0201",60.070000,184.080000,0.000000,top
"R145","33R","R0201",0.100000,-51.300000,0.000000,top
"R146","33R","R0201",0.100000,-56.050000,0.000000,top
"R147","1k","R0201",144.630000,31.730000,-90.000000,top
"R148","1k","R0201",154.680000,31.830000,-90.000000,top
"R149","1k","R0201",165.580000,31.730000,-90.000000,top
"R150","5R","R0201",155.327331,39.489759,180.000000,top
"R151","10k","R0201",154.470000,37.430000,0.000000,top
"R152","5R","R0201",202.920000,30.220000,90.000000,top
"R153","10k","R0201",200.330000,30.480000,-90.000000,top
"R154","22.1k","R0201",42.270000,165.290000,0.000000,top
"R155","22.1k","R0201",35.920000,165.290000,0.000000,top
"R156","22.1k","R0201",29.570000,165.290000,0.000000,top
"R157","22.1k","R0201",23.220000,165.290000,0.000000,top
"R158","22.1k","R0201",87.620000,181.590000,0.000000,top
"R159","22.1k","R0201",87.620000,182.490000,0.000000,top
"R160","22.1k","R0201",87.620000,183.440000,0.000000,top
"R161","22.1k","R0201",87.620000,184.440000,0.000000,top
"R162","22.1k","R0201",87.620000,185.340000,0.000000,top
"R163","22.1k","R0201",87.620000,186.240000,0.000000,top
"R164","22.1k","R0201",87.620000,187.140000,0.000000,top
"R165","25R","R0201",63.470000,133.960000,-90.000000,top
"R166","25R","R0201",54.050000,134.030000,-90.000000,top
"R167","1k","R0201",61.820000,97.480000,0.000000,top
"R168","1k","R0201",61.820000,98.030000,0.000000,top
"R169","1k","R0201",79.720000,90.070000,90.000000,top
"R170","1k","R0201",79.170000,90.070000,90.000000,top
"R171","1k","R0201",86.580000,98.070000,180.000000,top
"R172","1k","R0201",86.580000,98.620000,180.000000,top
"R173","100R","R0201",63.500000,156.750000,90.000000,top
"RF_SW_1","M3SWA2-34DR+","16_QFN",137.900000,204.150000,-45.000000,top
"RF_SW_2","M3SWA2-34DR+","16_QFN",163.850000,205.850000,45.000000,top
"RF_SW_3","M3SWA2-34DR+","16_QFN",136.160000,230.160000,-135.000000,top
"RF_SW_4","M3SWA2-34DR+","16_QFN",162.100000,231.760000,135.000000,top
"RF_SW_5","M3SWA2-34DR+","16_QFN",213.600000,203.950000,-45.000000,top
"RF_SW_6","M3SWA2-34DR+","16_QFN",240.500000,205.150000,45.000000,top
"RF_SW_7","M3SWA2-34DR+","16_QFN",212.150000,230.100000,-135.000000,top
"RF_SW_8","M3SWA2-34DR+","16_QFN",238.500000,232.250000,135.000000,top
"RF_SW_9","M3SWA2-34DR+","16_QFN",213.100000,127.100000,-45.000000,top
"RF_SW_10","M3SWA2-34DR+","16_QFN",240.350000,129.300000,45.000000,top
"RF_SW_11","M3SWA2-34DR+","16_QFN",211.050000,155.250000,-135.000000,top
"RF_SW_12","M3SWA2-34DR+","16_QFN",238.600000,156.300000,135.000000,top
"RF_SW_13","M3SWA2-34DR+","16_QFN",137.050000,127.200000,-45.000000,top
"RF_SW_14","M3SWA2-34DR+","16_QFN",164.450000,129.200000,45.000000,top
"RF_SW_15","M3SWA2-34DR+","16_QFN",135.100000,155.100000,-135.000000,top
"RF_SW_16","M3SWA2-34DR+","16_QFN",163.250000,156.700000,135.000000,top
"S1","MOMENTARY-SWITCH-SPST-SMD-4.6X2.8MM","TACTILE_SWITCH_SMD_4.6X2.8MM",98.410000,109.950000,90.000000,top
"SJ1","","SJ_2",47.680000,155.810000,90.000000,top
"SV1","","MA10-2",50.030000,115.980000,-90.000000,top
"U$1","M3SWA2-34DR+","16_QFN",116.180000,179.550000,-90.000000,top
"U$2","BPF2","BPF2",100.860000,212.010000,180.000000,top
"U$3","BPF2","BPF2",82.720000,146.970000,0.000000,top
"U1","AD9484BCPZ-500","CP_56_5_ADI",58.600000,159.250000,-90.000000,top
"U2","STM32F746ZGT7","LQFP-144_STM",74.410000,102.230000,180.000000,top
"U3","AD9708AR","RW_28_ADI",60.390000,207.890000,90.000000,top
"U4","AD8352ACPZ-R7","CP_16_3_ADI",58.585000,145.485000,90.000000,top
"U5","LTC5552IUDBTRMPBF","UDB_12_ADI",82.490000,214.010000,0.000000,top
"U6","FT601Q-B-T","QFN76_FTD",27.300000,209.000000,0.000000,top
"U7","DAC5578SRGET","RGE24_2P7X2P7",48.660000,50.540000,0.000000,top
"U8","AD8352ACPZ-R7","CP_16_3_ADI",58.720000,136.470000,90.000000,top
"U9","MT25QL01GBBB8E12-0AUT","BGA24_MT25QL_MRN",22.040000,183.820000,180.000000,top
"U10","ADS7830IPWR","PW16",100.044909,37.253025,0.000000,top
"U11","INA241A3IDGKRDGK0008A-MFG","DGK0008A-MFG",115.002034,45.142431,0.000000,top
"U13","LTC5552IUDBTRMPBF","UDB_12_ADI",82.760000,144.550000,180.000000,top
"U14","SZMMSZ5232BT1G","SOD-123_ONS",110.850000,176.620000,-90.000000,top
"U15","SZMMSZ5232BT1G","SOD-123_ONS",110.850000,182.370000,-90.000000,top
"U16","EP4RKU+","DG1677-2_MNC",187.750000,180.000000,180.000000,top
"U17","SZMMSZ5232BT1G","SOD-123_ONS",128.490000,232.250000,-135.000000,top
"U37","SZMMSZ5232BT1G","SOD-123_ONS",133.830000,237.340000,-135.000000,top
"U38","SZMMSZ5232BT1G","SOD-123_ONS",164.300000,238.843431,135.000000,top
"U39","SZMMSZ5232BT1G","SOD-123_ONS",169.164646,234.378784,135.000000,top
"U40","SZMMSZ5232BT1G","SOD-123_ONS",171.013021,203.715084,45.000000,top
"U41","SZMMSZ5232BT1G","SOD-123_ONS",166.662381,199.064443,45.000000,top
"U42","XC7A50T-2FTG256I","BGA256C100P16X16_1700X1700X155",49.680000,183.280000,0.000000,top
"U43","SZMMSZ5232BT1G","SOD-123_ONS",135.613803,195.388259,-45.000000,top
"U44","SZMMSZ5232BT1G","SOD-123_ONS",129.063162,201.238900,-45.000000,top
"U45","SZMMSZ5232BT1G","SOD-123_ONS",203.289540,232.187475,-135.000000,top
"U46","SZMMSZ5232BT1G","SOD-123_ONS",209.354800,238.111968,-135.000000,top
"U47","SZMMSZ5232BT1G","SOD-123_ONS",203.005440,158.962609,-135.000000,top
"U48","SZMMSZ5232BT1G","SOD-123_ONS",207.956081,163.713250,-135.000000,top
"U49","SZMMSZ5232BT1G","SOD-123_ONS",210.036109,120.106721,-45.000000,top
"U50","SZMMSZ5232BT1G","SOD-123_ONS",205.585468,124.757362,-45.000000,top
"U51","SZMMSZ5232BT1G","SOD-123_ONS",248.291996,126.734828,45.000000,top
"U52","SZMMSZ5232BT1G","SOD-123_ONS",243.441356,122.184187,45.000000,top
"U53","SZMMSZ5232BT1G","SOD-123_ONS",172.180925,126.346103,45.000000,top
"U54","SZMMSZ5232BT1G","SOD-123_ONS",167.830284,122.095465,45.000000,top
"U55","SZMMSZ5232BT1G","SOD-123_ONS",167.029031,163.865021,135.000000,top
"U56","SZMMSZ5232BT1G","SOD-123_ONS",173.179671,159.014381,135.000000,top
"U57","SZMMSZ5232BT1G","SOD-123_ONS",126.836259,158.230312,-135.000000,top
"U58","SZMMSZ5232BT1G","SOD-123_ONS",132.186900,163.580953,-135.000000,top
"U59","SZMMSZ5232BT1G","SOD-123_ONS",133.368409,120.037540,-45.000000,top
"U60","SZMMSZ5232BT1G","SOD-123_ONS",128.717768,124.588181,-45.000000,top
"U61","SZMMSZ5232BT1G","SOD-123_ONS",210.159009,197.512203,-45.000000,top
"U62","SZMMSZ5232BT1G","SOD-123_ONS",206.608368,201.762843,-45.000000,top
"U63","SZMMSZ5232BT1G","SOD-123_ONS",247.586515,201.957728,45.000000,top
"U64","SZMMSZ5232BT1G","SOD-123_ONS",246.366765,158.821256,135.000000,top
"U65","SZMMSZ5232BT1G","SOD-123_ONS",241.517406,164.270615,135.000000,top
"U66","SZMMSZ5232BT1G","SOD-123_ONS",243.119975,198.131953,45.000000,top
"U67","SZMMSZ5232BT1G","SOD-123_ONS",241.118687,239.869334,135.000000,top
"U68","SZMMSZ5232BT1G","SOD-123_ONS",245.869328,234.918693,135.000000,top
"U69","DAC5578SRGET","RGE24_2P7X2P7",48.350000,21.440000,0.000000,top
"U73","INA241A3IDGKRDGK0008A-MFG","DGK0008A-MFG",105.002603,45.244359,0.000000,top
"U74","INA241A3IDGKRDGK0008A-MFG","DGK0008A-MFG",94.974390,45.222562,0.000000,top
"U75","INA241A3IDGKRDGK0008A-MFG","DGK0008A-MFG",85.023575,45.183459,0.000000,top
"U76","INA241A3IDGKRDGK0008A-MFG","DGK0008A-MFG",86.840968,30.280050,180.000000,top
"U77","INA241A3IDGKRDGK0008A-MFG","DGK0008A-MFG",96.855771,30.034496,180.000000,top
"U78","INA241A3IDGKRDGK0008A-MFG","DGK0008A-MFG",107.220321,30.012700,180.000000,top
"U79","INA241A3IDGKRDGK0008A-MFG","DGK0008A-MFG",116.874793,29.973600,180.000000,top
"U80","INA241A3IDGKRDGK0008A-MFG","DGK0008A-MFG",164.987803,45.176109,0.000000,top
"U81","INA241A3IDGKRDGK0008A-MFG","DGK0008A-MFG",154.844096,45.214700,0.000000,top
"U82","INA241A3IDGKRDGK0008A-MFG","DGK0008A-MFG",144.830503,45.102421,0.000000,top
"U83","INA241A3IDGKRDGK0008A-MFG","DGK0008A-MFG",134.875281,45.063831,0.000000,top
"U84","INA241A3IDGKRDGK0008A-MFG","DGK0008A-MFG",137.027865,30.016906,180.000000,top
"U85","INA241A3IDGKRDGK0008A-MFG","DGK0008A-MFG",147.021353,30.054259,180.000000,top
"U86","INA241A3IDGKRDGK0008A-MFG","DGK0008A-MFG",157.058262,30.067781,180.000000,top
"U87","INA241A3IDGKRDGK0008A-MFG","DGK0008A-MFG",167.976859,29.929190,180.000000,top
"U88","ADS7830IPWR","PW16",149.986456,37.118390,0.000000,top
"U89","ADS7830IPWR","PW16",200.600000,35.260000,-90.000000,top
"UNK_HOLE_0","","dummyfp0",4.000000,4.000000,0.000000,top
"UNK_HOLE_1","","dummyfp1",256.000000,4.000000,0.000000,top
"UNK_HOLE_2","","dummyfp2",256.000000,296.000000,0.000000,top
"UNK_HOLE_3","","dummyfp3",4.000000,296.000000,0.000000,top
"UNK_HOLE_4","","dummyfp4",256.000000,250.000000,0.000000,top
"UNK_HOLE_5","","dummyfp5",256.000000,114.000000,0.000000,top
"UNK_HOLE_6","","dummyfp6",116.000000,114.000000,0.000000,top
"UNK_HOLE_7","","dummyfp7",116.000000,250.000000,0.000000,top
"X1","22-23-2021","22-23-2021",190.900000,276.600000,180.000000,top
"X3","22-23-2031","22-23-2031",115.021303,55.000128,0.000000,top
"X4","22-23-2021","22-23-2021",246.530000,61.720000,90.000000,top
"X5","22-23-2021","22-23-2021",242.670000,278.030000,180.000000,top
"X6","22-23-2021","22-23-2021",246.530000,43.940000,90.000000,top
"X7","22-23-2021","22-23-2021",123.050000,91.970000,0.000000,top
"X8","22-23-2021","22-23-2021",5.970000,172.340000,-90.000000,top
"X9","22-23-2021","22-23-2021",4.620000,253.650000,-90.000000,top
"X10","22-23-2021","22-23-2021",5.730000,164.460000,-90.000000,top
"X11","22-23-2021","22-23-2021",246.880000,107.470000,90.000000,top
"X12","22-23-2021","22-23-2021",246.480000,77.780000,90.000000,top
"X13","22-23-2021","22-23-2021",202.060000,277.230000,180.000000,top
"X14","22-23-2021","22-23-2021",118.500000,278.780000,180.000000,top
"X15","22-23-2021","22-23-2021",186.610000,90.970000,0.000000,top
"X16","22-23-2021","22-23-2021",6.020000,221.280000,-90.000000,top
"X17","22-23-2021","22-23-2021",5.520000,156.170000,-90.000000,top
"X18","22-23-2021","22-23-2021",5.520000,141.560000,-90.000000,top
"X19","22-23-2021","22-23-2021",4.970000,47.250000,-90.000000,top
"X20","22-23-2021","22-23-2021",186.540000,285.630000,180.000000,top
"X21","22-23-2021","22-23-2021",187.520000,78.770000,0.000000,top
"X22","22-23-2021","22-23-2021",180.400000,276.600000,180.000000,top
"X24","22-23-2021","22-23-2021",4.520000,86.900000,-90.000000,top
"X38","22-23-2031","22-23-2031",105.004390,55.102053,0.000000,top
"X39","22-23-2031","22-23-2031",94.834228,55.073850,0.000000,top
"X40","22-23-2031","22-23-2031",84.874890,55.083209,0.000000,top
"X41","22-23-2031","22-23-2031",85.134834,20.022253,180.000000,top
"X42","22-23-2031","22-23-2031",94.983334,19.941656,180.000000,top
"X43","22-23-2031","22-23-2031",105.063256,19.863450,180.000000,top
"X44","22-23-2031","22-23-2031",114.850165,19.924350,180.000000,top
"X45","22-23-2031","22-23-2031",164.894712,54.953493,0.000000,top
"X46","22-23-2031","22-23-2031",154.911006,54.952618,0.000000,top
"X47","22-23-2031","22-23-2031",145.030446,54.951746,0.000000,top
"X48","22-23-2031","22-23-2031",134.939156,54.989462,0.000000,top
"X49","22-23-2031","22-23-2031",135.042584,20.026518,180.000000,top
"X50","22-23-2031","22-23-2031",145.017268,20.079962,180.000000,top
"X51","22-23-2031","22-23-2031",155.008121,19.864793,180.000000,top
"X52","22-23-2031","22-23-2031",164.916093,19.969943,180.000000,top
"X53","MINI-USB-32005-201","32005-201",5.330000,107.560000,0.000000,top
"X54","22-23-2021","22-23-2021",246.800000,99.500000,90.000000,top
"X55","22-23-2021","22-23-2021",4.950000,58.980000,-90.000000,top
"X56","22-23-2021","22-23-2021",4.950000,17.120000,-90.000000,top
"XTAL1","NX3225GD-8MHZ-STD-CRA-3","XTAL_NX3225GD-8MHZ-STD-CRA-3_N",90.580000,104.750000,-90.000000,top
"XTAL3","NX3215SA-32.768KHz","XTAL_NX3225GD-8MHZ-STD-CRA-3_N",90.680000,97.210000,-90.000000,top
"X_1","22-23-2021","22-23-2021",25.500000,14.500000,180.000000,top
"X_2","22-23-2021","22-23-2021",40.500000,14.500000,180.000000,top
"X_3","22-23-2021","22-23-2021",25.700000,44.450000,180.000000,top
"X_4","22-23-2021","22-23-2021",40.700000,44.450000,180.000000,top
"X_5","22-23-2021","22-23-2021",25.500000,29.500000,0.000000,top
"X_6","22-23-2021","22-23-2021",40.500000,29.500000,0.000000,top
"X_7","22-23-2021","22-23-2021",25.700000,59.450000,0.000000,top
"X_8","22-23-2021","22-23-2021",40.700000,59.450000,0.000000,top
"X_9","22-23-2021","22-23-2021",55.400000,14.700000,0.000000,top
"X_10","22-23-2021","22-23-2021",70.400000,14.700000,0.000000,top
"X_11","22-23-2021","22-23-2021",55.500000,44.500000,0.000000,top
"X_12","22-23-2021","22-23-2021",70.500000,44.500000,0.000000,top
"X_13","22-23-2021","22-23-2021",55.400000,29.700000,0.000000,top
"X_14","22-23-2021","22-23-2021",70.400000,29.700000,0.000000,top
"X_15","22-23-2021","22-23-2021",55.500000,59.500000,0.000000,top
"X_16","22-23-2021","22-23-2021",70.500000,59.500000,0.000000,top
