ft601_signal,"ft601_pad(QFN76, from EAGLE lib)",proposed_net,fpga_pad,fpga_pin_name,direction(FT601 view),iostandard
CLK,58,FT_CLK,C4,IO_L12N_T1_MRCC_35,out,LVCMOS33
DATA_0,40,FT_DATA_0,A2,IO_L8N_T1_AD14N_35,bidir,LVCMOS33
DATA_1,41,FT_DATA_1,A3,IO_L4N_T0_35,bidir,LVCMOS33
DATA_2,42,FT_DATA_2,A4,IO_L3N_T0_DQS_AD5N_35,bidir,LVCMOS33
DATA_3,43,FT_DATA_3,A5,IO_L3P_T0_DQS_AD5P_35,bidir,LVCMOS33
DATA_4,44,FT_DATA_4,A7,IO_L1N_T0_AD4N_35,bidir,LVCMOS33
DATA_5,45,FT_DATA_5,B1,IO_L9N_T1_DQS_AD7N_35,bidir,LVCMOS33
DATA_6,46,FT_DATA_6,B2,IO_L8P_T1_AD14P_35,bidir,LVCMOS33
DATA_7,47,FT_DATA_7,B4,IO_L4P_T0_35,bidir,LVCMOS33
DATA_8,50,FT_DATA_8,B5,IO_L2N_T0_AD12N_35,bidir,LVCMOS33
DATA_9,51,FT_DATA_9,B6,IO_L2P_T0_AD12P_35,bidir,LVCMOS33
DATA_10,52,FT_DATA_10,B7,IO_L1P_T0_AD4P_35,bidir,LVCMOS33
DATA_11,53,FT_DATA_11,C1,IO_L9P_T1_DQS_AD7P_35,bidir,LVCMOS33
DATA_12,54,FT_DATA_12,C2,IO_L7N_T1_AD6N_35,bidir,LVCMOS33
DATA_13,55,FT_DATA_13,C3,IO_L7P_T1_AD6P_35,bidir,LVCMOS33
DATA_14,56,FT_DATA_14,C6,IO_L5N_T0_AD13N_35,bidir,LVCMOS33
DATA_15,57,FT_DATA_15,C7,IO_L5P_T0_AD13P_35,bidir,LVCMOS33
DATA_16,60,FT_DATA_16,D1,IO_L10N_T1_AD15N_35,bidir,LVCMOS33
DATA_17,61,FT_DATA_17,D3,IO_L11N_T1_SRCC_35,bidir,LVCMOS33
DATA_18,62,FT_DATA_18,D4,IO_L12P_T1_MRCC_35,bidir,LVCMOS33
DATA_19,63,FT_DATA_19,D6,IO_L6P_T0_35,bidir,LVCMOS33
DATA_20,64,FT_DATA_20,E1,IO_L15N_T2_DQS_35,bidir,LVCMOS33
DATA_21,65,FT_DATA_21,E2,IO_L10P_T1_AD15P_35,bidir,LVCMOS33
DATA_22,66,FT_DATA_22,E3,IO_L11P_T1_SRCC_35,bidir,LVCMOS33
DATA_23,67,FT_DATA_23,E5,IO_L13N_T2_MRCC_35,bidir,LVCMOS33
DATA_24,69,FT_DATA_24,E6,IO_0_35,bidir,LVCMOS33
DATA_25,70,FT_DATA_25,F2,IO_L15P_T2_DQS_35,bidir,LVCMOS33
DATA_26,71,FT_DATA_26,F3,IO_L14N_T2_SRCC_35,bidir,LVCMOS33
DATA_27,72,FT_DATA_27,F4,IO_L14P_T2_SRCC_35,bidir,LVCMOS33
DATA_28,73,FT_DATA_28,F5,IO_L13P_T2_MRCC_35,bidir,LVCMOS33
DATA_29,74,FT_DATA_29,G1,IO_L17N_T2_35,bidir,LVCMOS33
DATA_30,75,FT_DATA_30,G2,IO_L17P_T2_35,bidir,LVCMOS33
DATA_31,76,FT_DATA_31,G4,IO_L16N_T2_35,bidir,LVCMOS33
BE_0,4,FT_BE_0,G5,IO_L16P_T2_35,bidir,LVCMOS33
BE_1,5,FT_BE_1,H1,IO_L20N_T3_35,bidir,LVCMOS33
BE_2,6,FT_BE_2,H2,IO_L20P_T3_35,bidir,LVCMOS33
BE_3,7,FT_BE_3,H3,IO_L21N_T3_DQS_35,bidir,LVCMOS33
TXE_N,8,FT_TXE_N,H4,IO_L18N_T2_35,out,LVCMOS33
RXF_N,9,FT_RXF_N,H5,IO_L18P_T2_35,out,LVCMOS33
WR_N,11,FT_WR_N,J1,IO_L22N_T3_35,in,LVCMOS33
RD_N,12,FT_RD_N,J3,IO_L21P_T3_DQS_35,in,LVCMOS33
OE_N,13,FT_OE_N,J5,IO_L19P_T3_35,in,LVCMOS33
SIWU_N,10,FT_SIWU_N,K1,IO_L22P_T3_35,in,LVCMOS33
RESET_N,15,FT_RESET_N,K2,IO_L24N_T3_35,in,LVCMOS33
WAKEUP_N,16,FT_WAKEUP_N,K3,IO_L24P_T3_35,in,LVCMOS33
GPIO0,17,FT_GPIO0,K5,IO_25_35,out,LVCMOS33
GPIO1,18,FT_GPIO1,L2,IO_L23N_T3_35,out,LVCMOS33
